ID,price
0,102.30035186933101
1,97.89533790628276
2,94.88702108899335
3,53.23174573925907
4,182.1481280263503
5,266.6586312941429
6,104.45381048654794
7,47.77845512451014
8,42.670974594385044
9,263.80986664221473
10,74.1475850676821
11,118.03462742168944
12,39.21495023402507
13,35.34807318616794
14,78.28945549357402
15,98.88162732226203
16,56.02396407185698
17,52.02140965626288
18,100.5488209579918
19,34.61020292394472
20,58.15801800714878
21,67.9494472884109
22,65.77073645906312
23,211.03598520734747
24,98.01036066952533
25,251.59740485135816
26,31.550178308868347
27,55.032077413641716
28,413.44277137443714
29,44.0866465656092
30,282.56671263891894
31,150.7789165582867
32,47.14562905905211
33,16.68158539594746
34,92.60516817451375
35,313.7554978810118
36,30.587164624668144
37,70.96922767455814
38,65.35376233117299
39,318.60582804708383
40,32.824406767812036
41,259.41308601142157
42,199.6669196757832
43,50.09537755886572
44,106.25379162523471
45,56.70862260376773
46,39.51681769660985
47,85.68352391710764
48,30.87281741735246
49,85.73626092814281
50,42.328411835269534
51,159.01567670856443
52,69.32074206249175
53,43.78076450035967
54,55.6782904586673
55,102.79565265211929
56,161.6936081580185
57,170.34018359929007
58,96.73822912730455
59,160.64336808460465
60,46.450499501643975
61,147.86851844346018
62,180.30173686291127
63,66.16648838342653
64,208.97491301068976
65,36.08903584694642
66,65.8317804893778
67,92.02753111607701
68,120.56393997572484
69,108.00274976550229
70,99.53855180087527
71,44.89997362427137
72,139.12957318426646
73,35.39089901295451
74,90.4506129445937
75,125.74137106119646
76,75.79079151194165
77,162.79067911363097
78,44.57662089397538
79,58.754970299103306
80,218.293062529564
81,180.58649301765226
82,50.669600096550624
83,51.033105604812505
84,61.02568046929473
85,89.18534934312623
86,61.93147625221298
87,179.62893350490714
88,43.50438036169449
89,70.55060608832554
90,48.84677028527263
91,63.926343915837336
92,57.40708319305549
93,449.20728140679535
94,73.81681131914002
95,58.80483128409218
96,34.01432310226317
97,59.05772330884899
98,168.20151598541744
99,34.94961716228259
100,291.21869574002585
101,58.739481621709444
102,227.37349081780488
103,216.52517376201638
104,245.09639712755833
105,57.135447661257885
106,94.41634419690556
107,223.82750249071978
108,55.774126835451845
109,316.6848520141121
110,80.37417699762605
111,54.62706257742679
112,77.14086456067344
113,110.50663274757804
114,251.65784661477014
115,39.759341286882176
116,57.482048772138604
117,170.506522194751
118,134.3182833748094
119,34.980691923828616
120,49.5159925429003
121,90.98602861463033
122,97.76641865415465
123,73.42956931385785
124,25.42350018419309
125,44.87869326726894
126,112.41163470113536
127,84.94367520980613
128,40.75143276142128
129,40.78183279331258
130,186.86601422927504
131,32.76917804298202
132,58.9013564697071
133,43.1914165937393
134,58.22165001075628
135,225.59657551290815
136,84.05866967040996
137,56.06120739102293
138,57.75256634029466
139,57.03560597552613
140,89.91986909911469
141,33.189317971536866
142,42.77112084607793
143,220.207295414757
144,86.63690294147894
145,57.10407280535958
146,67.39914045021042
147,65.43481258039324
148,65.15553054893813
149,64.18667726205256
150,100.72327055440536
151,55.08982795073681
152,51.49118037214933
153,289.2814691042652
154,360.86625001873693
155,60.98264719733237
156,73.36378264427566
157,98.9003493720272
158,88.19717472544478
159,175.19293493913233
160,47.732558684781054
161,52.12366996464763
162,74.11882808485534
163,64.56985208558659
164,48.08066618092448
165,60.46563622106364
166,314.9594166984213
167,50.90018880739225
168,51.84702622782948
169,32.96062748330058
170,102.42676069642629
171,41.3208159952813
172,58.55985904186008
173,221.24803396239815
174,35.76669197567067
175,90.8963128365176
176,40.3489999208724
177,362.25941177572577
178,84.88756687658804
179,187.28970378872177
180,112.06083112195017
181,63.35952690788614
182,60.23713065266768
183,92.97270717472175
184,50.36164390085864
185,97.04897664457688
186,56.16725760284327
187,57.053404326501955
188,65.35376233117299
189,57.146114282011915
190,179.86186487036622
191,104.4576243838928
192,41.47698909702748
193,59.88168432184429
194,59.05649084833868
195,64.27300947549189
196,241.6469095179437
197,174.8023055124666
198,68.50856220497882
199,58.469996383805565
200,53.88201038696534
201,50.57648147543767
202,68.21934774039778
203,135.98071724076257
204,92.02738385508476
205,88.62193919188013
206,45.60201647960088
207,91.72121287469966
208,114.58954678077828
209,34.45659375701243
210,70.3411379974402
211,49.853558086749516
212,48.93181399681751
213,57.25647137344201
214,55.564731071988426
215,146.69160100297978
216,40.95434038641643
217,73.31718562526427
218,36.22937187522198
219,92.73622669475587
220,37.7127893997223
221,80.10971105612145
222,78.84442580756108
223,64.20331629036237
224,56.410739756923604
225,259.44382051311146
226,57.949394321979334
227,119.09113463904782
228,41.526461530527406
229,289.3517064214323
230,192.995732300318
231,195.47872182433227
232,48.29904136712831
233,51.62939429415724
234,40.08469430497872
235,65.52052118784522
236,23.725515559996268
237,76.20031878830801
238,99.07247617868907
239,41.93843880576481
240,129.9996919228693
241,118.97716236736798
242,61.359536635572
243,59.61218376464022
244,115.72030546683374
245,46.571873479136215
246,39.015030360924854
247,37.9977454211896
248,88.48614693652284
249,59.352810095158475
250,85.72089535057997
251,38.704691465582144
252,297.82923303307217
253,53.91439799467828
254,336.2431955831889
255,48.84948258692925
256,253.92012216407554
257,100.84249298439762
258,97.86002298051574
259,57.95331842093046
260,170.16792138973526
261,113.29234328633054
262,227.5892016558495
263,93.99087885959874
264,42.35975831586505
265,97.749013854561
266,56.20403437268032
267,36.43434921547089
268,133.9967051669829
269,45.35858795381387
270,942.3755227072548
271,58.22600456625598
272,159.87753324538966
273,133.94362011466694
274,50.45408960549582
275,58.187446261541155
276,36.569114998083556
277,128.8784147250766
278,92.67136759133675
279,110.50865142705436
280,60.06699836895025
281,51.2567005684819
282,106.54704997535042
283,55.63612645088652
284,192.10340434589656
285,40.02205507301337
286,97.41517316546042
287,71.868961048203
288,70.59321901999903
289,53.50935298183843
290,56.20403437268032
291,247.35275284444364
292,145.29047268050593
293,103.275350089437
294,29.31280690695012
295,65.02252496237318
296,50.43053558654909
297,56.330847972842875
298,86.94777603438438
299,39.74513273131913
300,246.98868675990067
301,63.740674349133364
302,54.15727937334922
303,62.76044659469069
304,110.41659943030636
305,39.09879764125137
306,54.42689123473255
307,58.34049845961478
308,266.40526847059715
309,164.4443465340299
310,30.765142009255182
311,67.40601947783048
312,32.10018250093121
313,168.6488326299194
314,61.693675581157976
315,82.07899434018714
316,371.7086925998389
317,56.582539055613815
318,107.44579398022125
319,55.31496652879362
320,42.14853334069063
321,33.521717096816914
322,57.83860071803149
323,90.88235001529117
324,95.68713923232261
325,207.6546898975348
326,51.62721231555373
327,228.28607918070384
328,104.4576243838928
329,57.2753067682032
330,68.50856220497882
331,77.5404755448806
332,93.21316533914181
333,65.94136741379813
334,53.06335783319865
335,105.46473352918362
336,79.37362058502927
337,62.3955435853705
338,27.64172945336405
339,54.97387989102446
340,258.02906200070674
341,63.40155788110256
342,62.23921082587689
343,137.4569007163078
344,119.54499500809969
345,603.668496764118
346,147.15141954854298
347,68.83120153551448
348,74.44751469785096
349,47.58964668034237
350,224.6238124475093
351,190.34475050974717
352,48.001294103837694
353,77.5702591081924
354,85.04043254563138
355,56.76723714470541
356,41.925374797088665
357,175.4498066102702
358,305.36392162538203
359,214.0630091364326
360,133.35465191210687
361,50.362191396443116
362,36.05647659748632
363,66.6675057045874
364,64.84259603577931
365,115.99554749831063
366,87.2631686898029
367,81.82696476351715
368,47.760976714369264
369,40.68334975754745
370,53.737081860290786
371,87.50331041129843
372,44.397587199162
373,36.3461817773462
374,156.77291468311992
375,372.65114193228624
376,241.70771991895367
377,87.88636995809895
378,35.65660365391373
379,266.5116182755406
380,30.891077375091992
381,58.31502919715029
382,85.08277144483986
383,68.55827617714293
384,55.98210784509243
385,49.73341233782439
386,85.47587135060957
387,265.0191923153084
388,147.6425650606952
389,75.8384200168352
390,642.9040845185009
391,104.10212945500831
392,64.52910855407646
393,42.09717731491344
394,233.7501542088733
395,74.7377398473462
396,90.3115106608583
397,184.3914995802068
398,87.843189065778
399,221.46751805009671
400,70.85640971691055
401,73.4699366550891
402,96.18825786722047
403,158.54075317488963
404,82.61880154362721
405,58.630353787312714
406,51.83321139151696
407,52.59661769333465
408,56.83665544346389
409,73.31718562526427
410,82.62640067996847
411,50.397775351347065
412,42.359580811750426
413,55.8880283794208
414,302.3576718512041
415,210.93401026465415
416,47.437314933953814
417,59.72070193592424
418,53.315425163748834
419,169.55168271641662
420,94.2132911631839
421,59.42456803629548
422,146.12667440172913
423,100.40971269023848
424,410.65455899879794
425,70.54740197427829
426,205.06642815950462
427,28.22686035288459
428,80.17418798413583
429,30.228051556976897
430,62.050486440694606
431,43.77584031705983
432,54.99926875672143
433,122.47006228025016
434,72.87357035587648
435,10.815398538261555
436,78.57373224716314
437,86.01097808614455
438,212.33608413593484
439,54.895791931354225
440,312.85031220065383
441,340.96349105717866
442,66.03218345332553
443,43.49472014626756
444,411.68277577665737
445,85.20000828591762
446,136.33907361706974
447,49.21670494406464
448,36.77648721600681
449,107.6842866399827
450,86.16513233764849
451,204.01403842482753
452,77.3352691284057
453,126.20181674252314
454,71.90217929501395
455,85.39722069922979
456,86.77742104538538
457,52.1901238933644
458,58.419196752287526
459,73.7493053589083
460,35.81808979860185
461,16.21171940191328
462,91.85424460341277
463,49.62916994941907
464,35.09469717954221
465,78.74933326929188
466,126.64716321208043
467,118.33211859686264
468,51.83321139151696
469,39.21495023402507
470,90.70308017228801
471,53.86024948969316
472,130.30216133918327
473,340.24185972579284
474,50.44890882150233
475,74.33861693782369
476,64.69124189927616
477,49.44483365054658
478,51.698455459792676
479,85.23309571092383
480,81.89197264239947
481,98.55915650636214
482,55.8880283794208
483,246.42629123399763
484,57.32894254279639
485,56.10622229056724
486,341.3800677165199
487,59.92920879629726
488,93.79198799875013
489,72.87355071068941
490,70.99589137782083
491,347.3906018632059
492,60.74219740586731
493,104.17786759903453
494,313.96238690586455
495,61.257734131576214
496,217.43878314275918
497,59.75301736908713
498,61.781743625321695
499,42.08451000641399
500,51.70911676132936
501,56.531087157243306
502,80.71177997016036
503,68.71954414532667
504,242.9111307050974
505,100.36417139009336
506,78.32281747534464
507,264.7891848162716
508,47.726653642755444
509,18.583469875611474
510,71.77778149260493
511,54.37790875577229
512,35.658911157693254
513,57.338982022643336
514,62.64556833959572
515,118.22097244541374
516,128.77216354272878
517,17.58718432997632
518,61.813299098950154
519,55.55261392181627
520,146.50287205449942
521,41.694234171991724
522,97.95728485779877
523,104.87276493726264
524,43.08445438196284
525,99.77577964476195
526,56.785019616501515
527,34.26555983476838
528,85.34066422670652
529,80.32667878783148
530,80.09133941728481
531,184.7050608491742
532,106.22289342796846
533,57.96293562472294
534,246.7479421442118
535,40.03989078336018
536,202.93594600607724
537,78.58658719771043
538,328.56434680538285
539,52.62006029029459
540,154.1393100719642
541,40.74630632697293
542,73.32232890645
543,159.46855387011576
544,89.2062824596603
545,57.8980494390382
546,17.488683841670777
547,123.5734629964341
548,29.309326539268987
549,53.32511306346725
550,274.6908592033494
551,60.99889245072296
552,68.9863651636463
553,163.62173402521438
554,53.77753002442211
555,100.29599983490544
556,85.11715584753378
557,34.387990960933244
558,107.66058065100364
559,59.10573231389249
560,61.560697247780496
561,96.60781587455294
562,294.90064814206943
563,101.99315441459464
564,127.4205270399025
565,128.90477027093976
566,57.9210047262723
567,47.77845512451014
568,68.05633921673541
569,32.43638735087115
570,259.5930174655102
571,57.44881181779179
572,152.8860739432598
573,102.10271777660937
574,53.33441411629549
575,190.07682544614204
576,421.5148642238375
577,59.9525753251659
578,161.14336009241111
579,43.312641311838284
580,55.13609981360452
581,61.137687823848445
582,96.38749043089375
583,61.590605100559635
584,179.56152039659105
585,76.42038485543821
586,56.92133312819544
587,123.47322777430912
588,122.7232382121553
589,132.9680208935418
590,126.9450505210962
591,87.53392494861052
592,68.59844945574424
593,42.87734830847861
594,83.61868224007841
595,88.58101967245477
596,88.86775256219539
597,58.604990391945975
598,96.08692970241616
599,66.6238695474066
600,61.26071972789332
601,26.62674727052282
602,239.97171031409326
603,43.80812824887016
604,53.67246990715735
605,56.51394478252327
606,74.634553921741
607,112.45107075377868
608,53.049478221716704
609,209.01828440736236
610,48.630339528442654
611,112.85682568740533
612,125.61489921810879
613,116.665127995123
614,97.57658158164509
615,32.673230008398015
616,25.247512843709057
617,47.643620859849754
618,32.859103429428465
619,102.6365279256394
620,82.44809309240173
621,114.17914683597039
622,74.10922572007779
623,69.77412638243028
624,78.3704197406312
625,46.61075409342756
626,113.33965668647636
627,228.06109986142602
628,91.2634186591871
629,85.82693086365875
630,40.26898059808025
631,59.284655642320786
632,57.44143568068336
633,72.72999860755763
634,340.15942389405086
635,57.45816819788959
636,541.4902724997623
637,51.58076444591371
638,121.7022161155833
639,56.93066968157893
640,72.20503832867625
641,199.2065236707324
642,66.48218076148282
643,107.18386688249063
644,85.49969298058961
645,64.47136968198835
646,61.0641927556427
647,198.99681150231427
648,33.804767115413235
649,206.11797721335583
650,60.039174621496954
651,51.837216815175395
652,65.53646641297884
653,415.2062456044146
654,308.68954895777864
655,53.667721656391436
656,55.77288155168053
657,62.96479542523793
658,249.38343180694798
659,59.480807009302964
660,64.84259603577931
661,41.88074812356194
662,39.551211699723076
663,122.87070899531682
664,129.39718238510326
665,85.54483360562944
666,69.6567688259987
667,243.4870448373848
668,203.5121335537934
669,53.048082870053435
670,88.54587596617122
671,350.0478418796767
672,693.6052134596189
673,104.80625508887196
674,44.7398294077062
675,62.96479542523793
676,32.07461245141988
677,564.7426031945312
678,110.32056845932082
679,51.82758061015617
680,99.70118170603247
681,49.97664192795347
682,198.9946223318449
683,73.57785699054973
684,61.16975005756612
685,52.734265954503115
686,52.8780731078271
687,317.10075038393154
688,61.89150182467374
689,43.464241128500156
690,93.28695065885618
691,71.38368274917127
692,137.71926950818494
693,161.2520470473771
694,197.13015319160723
695,49.71689539215223
696,111.10695422506555
697,66.51175407069023
698,61.436158602460154
699,283.4236992364814
700,343.8885942996395
701,42.09683666478719
702,227.35657151509255
703,64.26415494516272
704,58.138937706202306
705,69.67313992077727
706,97.25994341309725
707,285.33986011181116
708,107.81002399014766
709,167.84843943091823
710,217.27371806724838
711,42.31787427780347
712,33.8451901942319
713,94.27900011174502
714,126.16440145701168
715,107.57302064061503
716,50.08822767381808
717,35.08552493146317
718,77.13533348411708
719,65.21316987893952
720,39.08147606143157
721,108.16290243246137
722,256.1445461448508
723,22.46788690011568
724,83.62408231628065
725,387.642212167026
726,79.48462226263844
727,58.60807549574206
728,109.65778926922184
729,57.39688325199851
730,56.6116702315348
731,39.21495023402507
732,95.95647956438292
733,136.18383220587714
734,66.2909343137605
735,68.94540961700046
736,88.6693826416433
737,69.54595133470742
738,38.67842103047396
739,89.71018838250059
740,212.32854041180383
741,49.9144177149559
742,245.778814409076
743,91.07691711601723
744,104.3505864092441
745,112.4207682266602
746,123.94574805074707
747,213.39424139467022
748,63.71621480748005
749,62.99892449134368
750,38.9083195561808
751,92.23758862278423
752,279.39049261297964
753,138.58064744499083
754,109.98316518916491
755,143.08197805072516
756,255.98794320804276
757,46.67392329287709
758,73.02219446040813
759,341.79821589223
760,67.15441999214909
761,245.40404730997474
762,139.4176126237287
763,75.3362522173064
764,279.229105655362
765,46.15620528017397
766,103.19115502805816
767,62.33916890027342
768,62.35223203028226
769,17.28548261009277
770,77.01475500584584
771,72.05359835450754
772,70.39717377435255
773,57.00934495410822
774,120.49309933964047
775,98.73390846605389
776,110.34422910027696
777,85.66288545703306
778,52.67687372550762
779,434.76204246060354
780,111.31376877541699
781,59.175540020666816
782,52.166146019170355
783,68.05640670259373
784,85.39126045953019
785,528.3907044043043
786,47.43433730032218
787,284.2321803039296
788,83.35804563485385
789,311.14924595748585
790,84.5309229629112
791,50.22145796277239
792,44.52458878967998
793,46.36761149959258
794,56.410739756923604
795,48.13251316803408
796,174.36445428012593
797,57.9210047262723
798,138.82418252516715
799,51.837216815175395
800,247.7780403746041
801,41.628373000217046
802,53.54700089353462
803,55.35710101284846
804,67.39810998880121
805,107.40933970362468
806,79.21059660158164
807,97.57722503058397
808,42.52914541532629
809,101.8874052525423
810,68.188026348899
811,53.86590253993886
812,60.153273892499094
813,63.96631046324045
814,303.91398926987017
815,241.62058548091443
816,249.55820241444565
817,39.759341286882176
818,111.55071805839341
819,67.86671949274954
820,52.896468760464806
821,74.11882808485534
822,85.49772438234625
823,90.25135725730121
824,256.3028818266758
825,35.826862215566855
826,174.827703419254
827,309.74110057936394
828,32.214102178429734
829,47.224338532085135
830,135.42845064881445
831,64.08561170442046
832,77.25685675285153
833,46.22192560611502
834,139.4651919448184
835,93.25441817587685
836,63.94288405437165
837,193.15528189055638
838,51.34598345913936
839,52.6806099646136
840,25.52214013826441
841,66.75988712839168
842,36.71866387140051
843,60.39675702162907
844,74.45536891591942
845,64.33949267525001
846,218.90061953340387
847,54.8968650044992
848,98.28969375711533
849,401.1705751629577
850,133.1445230504224
851,97.860710354963
852,83.59891746530977
853,45.94082200622763
854,54.09108156083022
855,50.832417209070975
856,54.469855957673374
857,86.14934632444728
858,50.82220992152875
859,99.53733242556916
860,122.66273196329313
861,90.52561221504853
862,84.76776122065095
863,44.66540868315369
864,184.4586482268457
865,60.2732543991588
866,87.15268461059227
867,110.34422910027696
868,105.46385299127975
869,72.98607007619884
870,45.84650892276471
871,51.269002354881515
872,55.898360895855006
873,42.56746073179473
874,48.57141032548602
875,64.33949267525001
876,95.77634075740092
877,97.30574079490717
878,102.60363733508579
879,42.10090874489573
880,91.16855522681297
881,164.7661538167004
882,73.15852112942697
883,49.61083112247013
884,71.90217929501395
885,106.72008458274452
886,45.533592922989634
887,99.30008814049555
888,77.58032991826516
889,340.68359235233197
890,55.13997545254339
891,69.64064959008569
892,120.61878054479509
893,171.26591276721084
894,99.06339954386048
895,30.719877870142238
896,67.1566613064445
897,292.2623854814189
898,76.32122721599058
899,65.49453065575872
900,93.03856041681094
901,42.35975831586505
902,77.00047371852486
903,524.2179473571483
904,57.04342573096011
905,61.95124953554951
906,94.09598378079649
907,46.73963640690782
908,43.322903192479004
909,101.65022061211242
910,57.72344288360473
911,63.27922140149385
912,40.933596139152975
913,68.8586429239257
914,49.61083112247013
915,98.91859054397722
916,64.50410115954216
917,60.48050183696301
918,105.98879128113846
919,27.605535251805467
920,96.20012327008297
921,324.54088413118257
922,76.52045624739715
923,109.66795392395281
924,70.63683282689736
925,48.08240109537281
926,47.14562905905211
927,52.496091226827396
928,115.65199533506951
929,53.73443809837358
930,94.6928860647596
931,38.259953924485195
932,126.03581519820682
933,36.45376338353422
934,32.85513331837575
935,82.36602690103624
936,128.37705448045796
937,63.201917169832754
938,51.08508204851637
939,90.4506129445937
940,199.23539604812424
941,55.98210784509243
942,84.14872348135069
943,59.67154381152825
944,57.135447661257885
945,70.08179917440552
946,90.25818041300649
947,119.8102699862699
948,69.92323465090958
949,122.87070899531682
950,60.8536627631407
951,208.86508523876768
952,103.0920466886744
953,79.48685315266405
954,59.23460532419222
955,76.55919151108056
956,148.31185256717674
957,363.580482380576
958,84.92931204694091
959,484.5261796585833
960,66.81735976282847
961,37.97819348151791
962,62.546862193882994
963,81.09088561827379
964,67.32099939074537
965,65.70126231840366
966,77.94844227830662
967,169.8552492352921
968,36.36372435768781
969,61.725261429794884
970,60.86063753656579
971,28.038384957227116
972,86.9988802936855
973,46.64310570741827
974,75.95177940891051
975,31.954468321334062
976,51.51770132315643
977,84.3844473241096
978,45.897871665183395
979,40.83534616375953
980,113.31795214857017
981,81.06970396508946
982,65.26694418513966
983,90.77356304373018
984,75.62774881625006
985,120.98646113589496
986,53.63723233485274
987,59.82492907960486
988,116.86481184433038
989,261.64422514710685
990,316.1135671008231
991,165.98999709011974
992,233.3253294991465
993,67.25229701190474
994,58.221014480760985
995,302.4448689451531
996,104.04584550212904
997,402.6671366410614
998,105.83463148152482
999,106.53496069811858
1000,544.0234945550327
1001,45.44129169801934
1002,234.47798439350743
1003,52.918870793809596
1004,19.975486990701633
1005,35.42787854079023
1006,125.89658764145139
1007,82.97219598212773
1008,62.56643214055044
1009,68.70348812816027
1010,44.17603505640356
1011,104.40163382544165
1012,121.20471118089918
1013,66.81735976282847
1014,92.29885713792116
1015,41.694234171991724
1016,79.58581037788584
1017,19.207055035496353
1018,272.01323876974925
1019,102.59055222315003
1020,55.949976203027894
1021,51.77655219396831
1022,102.82437676273031
1023,57.58750531960044
1024,64.13893672488027
1025,57.49840892822176
1026,51.9784214341054
1027,47.86986967661789
1028,51.65865864631496
1029,132.0695791916755
1030,69.54595133470742
1031,101.9103624715093
1032,54.020616103809296
1033,57.460848626094545
1034,50.43772753837825
1035,42.87884161459821
1036,244.59771523070722
1037,47.487679707631834
1038,54.88311225561706
1039,85.02002774757293
1040,73.7493053589083
1041,35.989951819656426
1042,61.0229471316188
1043,44.62242331688805
1044,42.544220168152286
1045,166.82106635240754
1046,176.33890150937088
1047,82.16248906161204
1048,53.87456917268856
1049,74.14624068995774
1050,61.79540925023741
1051,53.98865046950153
1052,198.95999222015834
1053,34.25740031810314
1054,97.65862432573451
1055,80.75672591420762
1056,67.03366532376873
1057,90.46387250768578
1058,35.120712481796375
1059,74.49306075557726
1060,116.17653833093237
1061,64.85611368794441
1062,68.99720125533129
1063,57.59471969488322
1064,90.4506129445937
1065,61.23407017640188
1066,81.92497040613448
1067,88.734515246743
1068,50.384071808445555
1069,56.958532748267714
1070,64.33949267525001
1071,56.76010711003876
1072,86.26757766376517
1073,63.29411083762414
1074,51.50357588213838
1075,82.79143109627292
1076,80.12863999492696
1077,202.80786430749893
1078,122.11344209496691
1079,91.20179825954972
1080,123.38648584011047
1081,111.08074744032436
1082,330.26158016259313
1083,303.91398926987017
1084,85.39475858259317
1085,68.02705589807248
1086,67.02539364998212
1087,54.54216882600372
1088,226.31795787503694
1089,176.13888881898598
1090,61.88842753575243
1091,90.13242921193196
1092,77.95493310178207
1093,128.60305217113782
1094,144.90050166964727
1095,41.8288448620951
1096,46.6408582995317
1097,86.41251151631468
1098,33.014613781234196
1099,64.20803997431985
1100,105.76189759831577
1101,65.71358508405218
1102,148.4604748541099
1103,194.61992586993108
1104,95.15663282541684
1105,34.02755437522869
1106,107.84817089227722
1107,2098.111053606624
1108,177.9441058489879
1109,48.19281616546483
1110,96.22782784376147
1111,51.54872895663271
1112,167.934897467686
1113,162.1355703929758
1114,131.97304110142122
1115,61.416320427200546
1116,107.94337201763925
1117,60.590313447769724
1118,234.73581123527507
1119,28.862323845936576
1120,39.21495023402507
1121,43.9885763067608
1122,449.80899752977655
1123,67.0511973168706
1124,46.71539125155623
1125,83.43520263965718
1126,102.02613058407863
1127,224.36684422289966
1128,59.43555496402573
1129,125.23471892287968
1130,82.67503486482651
1131,56.547970210092785
1132,61.61783549892809
1133,49.6886493885213
1134,34.89299217791392
1135,41.746652451078134
1136,129.35100035783506
1137,55.979608014404285
1138,48.96230210636514
1139,78.79901880919358
1140,101.16913925772211
1141,101.62146704514093
1142,49.07381076018069
1143,81.26829662902772
1144,39.47293110971741
1145,96.43833840063212
1146,33.46465070295354
1147,62.82296871629384
1148,55.655782806632956
1149,87.2946614208195
1150,64.84431225925364
1151,51.999817802179
1152,78.47244518927782
1153,396.06771044401034
1154,53.770867673266245
1155,68.11489719009592
1156,145.58490661061546
1157,251.501270444773
1158,55.833783438163245
1159,60.8232681783538
1160,204.30053062888908
1161,62.90558289294665
1162,123.89617587500797
1163,75.63175242760215
1164,65.43652104557157
1165,50.704794842481746
1166,49.606559390464504
1167,57.13064105397495
1168,40.87272225334393
1169,55.01524040061091
1170,446.4524584748256
1171,57.018960689929685
1172,89.42137371092022
1173,243.06769593991527
1174,48.90331219059915
1175,163.00218214624974
1176,36.56268106370884
1177,48.511693998405
1178,99.49580386943815
1179,20.427837347303626
1180,73.18287682429431
1181,47.15732633440812
1182,115.35293950132639
1183,119.63336485669694
1184,92.85127783052849
1185,39.91037433422248
1186,106.01681833438225
1187,61.50657889353413
1188,118.15116887225642
1189,80.3001216844879
1190,60.34202630275775
1191,101.21206386202209
1192,26.85543551763705
1193,32.87679192313908
1194,67.86884579552064
1195,43.02878492534816
1196,85.75415817824833
1197,60.80095019292248
1198,39.45240253846918
1199,64.9926003587897
1200,127.38204137259953
1201,56.83864150112178
1202,85.5032594367955
1203,26.867399187807933
1204,109.91011467998283
1205,37.82112183002999
1206,82.8907489410042
1207,47.209502559485806
1208,106.27629736337846
1209,102.17227796575304
1210,60.26955070805079
1211,66.90820368018905
1212,57.50160645790554
1213,56.61797255062506
1214,136.33320524263917
1215,94.2132911631839
1216,218.39409767757422
1217,16.213074965641457
1218,42.123160633796
1219,53.453946313200056
1220,54.62114051092757
1221,250.41846372865905
1222,127.50310274684846
1223,63.3194551273064
1224,64.5725276904957
1225,65.37752979417637
1226,178.60476918929652
1227,107.53846384985857
1228,56.02396407185698
1229,132.23050091143915
1230,228.5844070895499
1231,195.15362066698378
1232,109.01942965367896
1233,64.38740999891013
1234,52.61288506406958
1235,115.29790745242973
1236,101.18093438265565
1237,72.06696546532946
1238,102.36069173495606
1239,60.668636879122836
1240,61.33294881210291
1241,69.40904826512603
1242,66.75815425861056
1243,65.29693141842124
1244,43.60625968725695
1245,210.7013155010963
1246,79.44642503352603
1247,145.00218560654534
1248,219.7954953586138
1249,40.731370564535084
1250,303.2087813452117
1251,134.66854768034995
1252,267.3743400328004
1253,61.82298285050557
1254,97.75431720937611
1255,80.581321244788
1256,347.1043000914738
1257,46.82645402198158
1258,54.60328688264756
1259,66.43742959783673
1260,38.259953924485195
1261,55.61094811418084
1262,73.59362228013333
1263,88.09874447472914
1264,122.29810548531636
1265,299.740903776488
1266,51.85473870836584
1267,196.27719162794358
1268,259.7966052923662
1269,77.67228355422267
1270,191.95653955857716
1271,64.26328110794078
1272,57.23439398484072
1273,36.71207026309901
1274,50.80624130185742
1275,78.93946679785775
1276,13.384515240780784
1277,43.16368922172721
1278,28.326447962848334
1279,60.57643183335344
1280,60.68377543399877
1281,65.00155384405555
1282,71.38547751854856
1283,59.740814780321784
1284,70.39321552358903
1285,43.31342531286725
1286,49.17026883281928
1287,144.0744541131288
1288,39.22867959686485
1289,11.667305667466819
1290,77.30728382046169
1291,51.9784214341054
1292,97.0663644201578
1293,68.24714978984701
1294,572.5255505433588
1295,239.12231720281838
1296,68.13365840469353
1297,38.0308174733715
1298,179.98889894695134
1299,72.72707263632104
1300,119.11056037627415
1301,46.04008295925615
1302,17.889583600750328
1303,58.857924757415546
1304,174.0352766648421
1305,62.09908231048685
1306,53.162025760670346
1307,57.19884801789291
1308,94.68509531771028
1309,84.1291357884114
1310,190.77916378811932
1311,63.396518985295856
1312,101.48437396019003
1313,42.495722870019534
1314,160.58468403031523
1315,58.14972813611003
1316,55.880779816464276
1317,169.4760246395558
1318,58.797773274989936
1319,94.27576059320788
1320,56.13745543612441
1321,58.22230201724428
1322,95.16669416468625
1323,47.18224891040156
1324,38.33122929646681
1325,145.6985762707208
1326,44.21097792586159
1327,157.48052949116973
1328,100.7469008396698
1329,66.14475666192723
1330,130.50927002735747
1331,71.59588016570322
1332,387.44166116813005
1333,78.4160223662321
1334,48.91659952550674
1335,63.3179660068989
1336,39.95677782053982
1337,86.80688475237162
1338,57.34364008197969
1339,71.29540483885044
1340,84.67671471159734
1341,51.41713380826168
1342,80.78829352848733
1343,55.93178048070272
1344,63.638341665164546
1345,45.13425282375603
1346,54.64351202651043
1347,70.39088134796216
1348,66.33690351956855
1349,77.23657244258509
1350,223.0163473002496
1351,43.70709206477277
1352,108.63416433119444
1353,45.60201647960088
1354,57.510253923839144
1355,146.81139139975238
1356,102.54651991747197
1357,65.6217869801053
1358,72.09058338774267
1359,29.16783314762192
1360,87.55083878151032
1361,50.758674065751116
1362,52.82324077037566
1363,64.59889036604473
1364,364.7674499876459
1365,97.6772291210441
1366,104.79376749287377
1367,81.99539918975603
1368,73.7493053589083
1369,48.57414266767434
1370,143.38784029507076
1371,86.53382501328805
1372,66.39685582997164
1373,97.5702823311372
1374,96.53422201057046
1375,186.39189649136873
1376,178.34144917636078
1377,61.56409705503658
1378,41.727873562068126
1379,130.87847309465914
1380,55.11104639314201
1381,31.221416138853765
1382,111.70207278523124
1383,97.63356413780939
1384,56.090828055567286
1385,58.924416516785186
1386,50.62664447791292
1387,64.84259603577931
1388,54.85291793735923
1389,58.71750465017144
1390,54.728144005076075
1391,63.019730147452336
1392,41.126496115135986
1393,275.71398491857326
1394,143.15283294348853
1395,59.8192182863521
1396,74.52636368992353
1397,123.54123212009483
1398,37.174036437603135
1399,232.03015254832468
1400,125.02939561108408
1401,93.30710259393422
1402,205.92759692577613
1403,321.4314522077366
1404,188.01897994474734
1405,59.25376711484884
1406,45.58945588720353
1407,124.95540897269836
1408,40.802448664970306
1409,43.55539486157415
1410,95.16669416468625
1411,129.57054120739357
1412,175.36241012099978
1413,56.32914971467131
1414,191.91087713435678
1415,63.7010972812364
1416,146.7809260260199
1417,303.91398926987017
1418,119.11056037627415
1419,43.092571833063275
1420,41.33939601303031
1421,195.8316415856224
1422,216.21028922348475
1423,91.28883514532416
1424,43.883253913172894
1425,42.660071071245
1426,53.388076771095704
1427,72.92735307725079
1428,59.176291046744765
1429,101.90427531845646
1430,67.95883296243674
1431,575.688065330595
1432,188.09600522619715
1433,158.0203309305482
1434,40.294316736085676
1435,39.36673521038865
1436,181.13834439239974
1437,57.53457093035022
1438,44.25790262519732
1439,61.837775043552284
1440,46.10234594159492
1441,106.45645333047688
1442,60.36653765144184
1443,49.81198988696295
1444,83.51647343583141
1445,53.28223623157589
1446,297.46358611370096
1447,139.21751526838895
1448,192.55697760499976
1449,101.8689122291005
1450,32.242730937619086
1451,65.05735763308417
1452,49.020332378515434
1453,81.26533979087827
1454,49.81198988696295
1455,71.09819368290745
1456,59.24532019667438
1457,32.92570655791977
1458,336.0020093967231
1459,72.09108389994265
1460,32.27820983583214
1461,97.90090305243595
1462,75.43396522474607
1463,74.9825980851812
1464,64.33119829928148
1465,64.1254197828322
1466,81.906050391925
1467,125.41141110904887
1468,60.925734544167526
1469,51.68504960081269
1470,100.62567686377245
1471,83.49053194360661
1472,105.01373887461092
1473,51.9784214341054
1474,52.74143460493216
1475,255.30074969733198
1476,109.42150436872895
1477,184.54872260127513
1478,95.04088431088134
1479,202.53426827720162
1480,127.22295337471236
1481,49.61083112247013
1482,96.41098246367434
1483,33.85892935389041
1484,54.4985550952235
1485,49.81198988696295
1486,103.58149577554518
1487,55.580719257785276
1488,49.9882901839278
1489,37.15690242006992
1490,58.7829246575158
1491,76.26102113620152
1492,66.35506306290283
1493,79.55856817190772
1494,165.62310626633163
1495,170.8065780759777
1496,62.39707618013288
1497,97.25994341309725
1498,66.69334668192391
1499,72.51565094899576
1500,103.4150429728714
1501,92.8362095831568
1502,121.178398279327
1503,215.92845780557138
1504,78.3704197406312
1505,34.13076615305247
1506,49.78520812975741
1507,30.13677854862644
1508,1022.4143210591285
1509,67.39266181371781
1510,58.26571020743494
1511,41.67217792009037
1512,51.08508204851637
1513,29.793912705209607
1514,223.85687517538682
1515,101.52102765553344
1516,41.68367284295347
1517,101.73354167773223
1518,54.99271669629039
1519,93.25441817587685
1520,38.0308174733715
1521,129.82756064226854
1522,57.13695727020509
1523,65.78607084312821
1524,277.0184663802573
1525,104.19496366186303
1526,102.0835208566717
1527,51.091512663290025
1528,106.26546251345451
1529,58.586414071678995
1530,57.43648363570253
1531,55.30717442904321
1532,54.768345349329756
1533,28.810069587747208
1534,45.13425282375603
1535,95.53015105640091
1536,305.0410279720255
1537,57.64673444921448
1538,73.60089855851484
1539,96.30872855556242
1540,42.28383934521715
1541,57.1841451534116
1542,213.86642187038439
1543,98.9685187783471
1544,60.157741516238275
1545,57.82889694430802
1546,215.92845780557138
1547,57.46282324882619
1548,69.06351272534184
1549,73.7493053589083
1550,32.6191536108323
1551,62.362094644610146
1552,67.15475458706769
1553,223.78859261291177
1554,329.12570852599544
1555,106.50419054190314
1556,111.79254022640905
1557,183.76538288051475
1558,50.22145796277239
1559,144.60598608281094
1560,44.5792986502672
1561,59.09021115595648
1562,58.90862949731683
1563,57.13064105397495
1564,72.36108463575957
1565,74.40143550997139
1566,113.09478567974848
1567,51.50255486164916
1568,45.69198713672659
1569,51.10828342329773
1570,40.88317923088219
1571,65.56838753967395
1572,73.60422931888155
1573,71.868961048203
1574,536.4735770572531
1575,23.42866145212717
1576,260.3386080997458
1577,57.80886461156409
1578,64.32830278484641
1579,183.6268670420347
1580,88.54334102453693
1581,61.703482228897286
1582,124.58953113946353
1583,134.20113699886278
1584,90.91067154531417
1585,47.222528041367546
1586,146.92280458636333
1587,45.55216100115848
1588,62.11734874390588
1589,49.9563232350651
1590,58.01582648281654
1591,52.88943012531565
1592,76.94779149778877
1593,106.16078409901432
1594,101.75119277698954
1595,41.694234171991724
1596,120.95882166843711
1597,93.96265793387876
1598,64.18667726205256
1599,425.1629409718134
1600,53.16900269958676
1601,68.42954863080628
1602,48.28183341163435
1603,44.29248521923235
1604,163.00218214624974
1605,66.93730136414248
1606,88.07584303793448
1607,59.1041323062239
1608,38.665092208723344
1609,73.30032501189052
1610,44.6857086685554
1611,69.09293930147908
1612,147.88335376930462
1613,439.2688210256095
1614,190.57542123588757
1615,67.10799854826074
1616,74.31262591078865
1617,158.06503831060854
1618,61.35401121224169
1619,60.52128009149915
1620,54.91708712524566
1621,79.59298545654528
1622,60.80817261065512
1623,71.40855813910053
1624,262.04943236162916
1625,32.281475082634536
1626,83.15497942672889
1627,71.868961048203
1628,86.49252892480001
1629,89.38961807009501
1630,54.92424570522378
1631,47.47948689573771
1632,23.998161314792092
1633,49.291089504580555
1634,59.67154381152825
1635,81.1828368287237
1636,243.93750560693192
1637,59.562324760558845
1638,43.17056083975553
1639,86.94247350056023
1640,55.6782904586673
1641,69.34704291366266
1642,55.887767335456026
1643,61.72859476414478
1644,64.56893671714859
1645,58.723653251705684
1646,63.658168829704074
1647,212.62101983244145
1648,122.96065774339655
1649,63.45857157881168
1650,57.135447661257885
1651,124.8737672798039
1652,58.754970299103306
1653,30.899957236632613
1654,27.54030579650018
1655,56.068239467491374
1656,33.3989158055355
1657,121.17703708633196
1658,189.10174930826085
1659,160.12165812161282
1660,48.84948258692925
1661,50.69497856282237
1662,43.65617941300616
1663,34.698768490140885
1664,49.991137379635255
1665,71.54732734015009
1666,67.9120445230265
1667,60.434770674593
1668,29.117256438929356
1669,62.37672463827447
1670,66.47192445973118
1671,47.362233914774414
1672,51.49118037214933
1673,101.0763015720412
1674,69.83636394791641
1675,145.46607506453805
1676,127.95844366447125
1677,74.28085655984509
1678,31.77125101233901
1679,129.24121422720657
1680,685.1460760152922
1681,116.20307352044891
1682,73.61310130647944
1683,58.35273413817072
1684,80.38258249013809
1685,124.76934800856826
1686,55.887767335456026
1687,57.909427271072516
1688,92.52163801948096
1689,39.16926218807311
1690,94.9946815294474
1691,159.36137135667767
1692,105.98879128113846
1693,111.79254022640905
1694,41.28268947739108
1695,223.92201791256625
1696,127.77200457388717
1697,128.4555915718497
1698,109.88227706755332
1699,244.4140324752106
1700,49.77407774714862
1701,46.61282480445236
1702,89.8785830722763
1703,49.84098046850734
1704,202.28362187243013
1705,40.83826309786996
1706,49.45595647337149
1707,247.12922169566266
1708,37.19598105254738
1709,128.2901546241548
1710,210.3787126419131
1711,71.63489725084666
1712,47.437314933953814
1713,60.2125960513042
1714,44.658961909601715
1715,72.81460595202557
1716,41.846773019686474
1717,74.01726709255483
1718,93.14061183301561
1719,57.82207978133809
1720,113.47470472338172
1721,47.851142643929535
1722,63.894843046793255
1723,47.85311237387762
1724,146.33542364781087
1725,57.544469409786636
1726,25.349691493342092
1727,59.38374201363822
1728,50.58837422033048
1729,227.49039052490076
1730,30.091586623259147
1731,54.844997527028745
1732,262.54385235186953
1733,40.955558642679776
1734,186.11443077972882
1735,277.32033717778125
1736,47.70192035976079
1737,177.3116094938319
1738,54.78123836951878
1739,103.41244304068712
1740,51.34171207443171
1741,54.05792422824342
1742,150.56099283560573
1743,67.50599855358752
1744,77.214281833405
1745,52.850904991648086
1746,50.07840532545182
1747,92.5962898959144
1748,55.887767335456026
1749,192.2883058367454
1750,48.059590758312446
1751,57.062226039276865
1752,141.35747566968993
1753,88.12446790563777
1754,45.67503947663932
1755,63.84825649407517
1756,57.47952885338318
1757,212.5027276534082
1758,119.28329582776045
1759,79.00627680770936
1760,79.26923250168461
1761,69.4003452065846
1762,88.0702591042043
1763,74.82575813729413
1764,73.77968236828549
1765,67.74856869350442
1766,117.80371620934673
1767,150.8096129927655
1768,75.57644201867217
1769,98.47799133119565
1770,74.33861693782369
1771,58.54257384853877
1772,76.33700104616587
1773,41.63638130266057
1774,47.70295160501415
1775,49.81198988696295
1776,33.79757803708789
1777,30.280416406964974
1778,151.3328853257247
1779,82.20624706695266
1780,100.10913049616475
1781,112.55304147667209
1782,251.24758134489755
1783,253.78840498864568
1784,90.70672120330745
1785,71.27663586500078
1786,55.34696880868824
1787,636.8525521907524
1788,54.97387989102446
1789,119.83039693391677
1790,49.17026883281928
1791,48.55165659342993
1792,50.398317078049786
1793,401.96918206798466
1794,131.11068720574286
1795,320.203550499549
1796,116.43929032839233
1797,69.58762354632331
1798,60.153273892499094
1799,230.3936927628696
1800,207.07760221195835
1801,71.66454363986874
1802,65.40160296375211
1803,109.87658240278873
1804,82.23889984858478
1805,36.62190916639304
1806,46.56565812975697
1807,50.718132738309464
1808,67.01727072050521
1809,94.61765903451682
1810,50.39259442838638
1811,209.95575650686925
1812,53.54700089353462
1813,107.92297286250349
1814,641.6800194722967
1815,41.87973843498141
1816,46.02906751641474
1817,51.144834719583834
1818,141.3934019672794
1819,69.28647035922965
1820,233.75659609847656
1821,57.34549336975238
1822,49.81198988696295
1823,102.05295575443577
1824,223.07024502647445
1825,152.6503894889111
1826,49.21075884738469
1827,438.2629350574723
1828,53.957007668025824
1829,263.14558956701364
1830,51.84211781374017
1831,64.57788271513178
1832,83.6887301577912
1833,66.58540375563932
1834,35.082173414685144
1835,203.461481732184
1836,57.70824432048907
1837,165.72237749867017
1838,47.890137218505004
1839,198.3976299350181
1840,122.57108856844548
1841,34.499716440472035
1842,69.54595133470742
1843,48.59730543706911
1844,56.05847818105027
1845,41.53224160345159
1846,218.15214800791068
1847,97.24770811307678
1848,58.163667244407904
1849,51.59112368485167
1850,37.1564288366082
1851,228.97104753569423
1852,37.079961403788296
1853,90.93628441091882
1854,89.10446150707367
1855,37.48055226870074
1856,59.964598273094154
1857,77.26669764732365
1858,69.52220349683184
1859,105.47123783253862
1860,120.37808426615979
1861,143.35875600621583
1862,82.01159945503609
1863,197.75237654266414
1864,175.6088975156408
1865,103.86431846577302
1866,78.4160223662321
1867,91.0227464616669
1868,90.46334875076178
1869,58.31502919715029
1870,51.53225344795791
1871,91.22962121385663
1872,48.828169415320225
1873,71.50858616962338
1874,62.86120312429903
1875,91.33340310861142
1876,40.44842720313123
1877,51.25000963534326
1878,60.94683036522626
1879,78.89675255562794
1880,58.143748476260576
1881,55.59796036237629
1882,99.31226737752021
1883,360.3642762923379
1884,91.20179825954972
1885,89.52342012425557
1886,89.24626347199313
1887,58.36578635354501
1888,335.90420578435914
1889,34.75052173575855
1890,58.98985611552759
1891,58.949144224991294
1892,90.06436911291298
1893,62.1149120032553
1894,67.14079044242322
1895,173.13196998344787
1896,50.564443072394155
1897,95.9563382531425
1898,87.27569290580773
1899,242.9569732468578
1900,55.887767335456026
1901,142.37874125632362
1902,58.099466982264005
1903,97.60926343070324
1904,85.38822812090164
1905,47.66444546748843
1906,56.44140452436551
1907,45.16816765389043
1908,208.05594333100277
1909,25.349691493342092
1910,37.34531197496682
1911,66.21898565692653
1912,48.83968903557426
1913,211.45901759606707
1914,67.66610702055932
1915,161.61868374983734
1916,247.81476611849578
1917,60.91356564728921
1918,63.27440221840928
1919,56.77816339339314
1920,52.89729791927361
1921,40.00735183803379
1922,63.638341665164546
1923,15.347825948191371
1924,98.33267000778646
1925,49.77038267445846
1926,75.90419958020625
1927,60.70002021385479
1928,53.9696612451941
1929,45.26406041423848
1930,267.30100185031756
1931,38.19622737665648
1932,92.67136759133675
1933,66.52082014614054
1934,89.11431751223729
1935,34.20373456450241
1936,72.16939277131884
1937,94.1642581742468
1938,247.12922169566266
1939,48.03862376890602
1940,34.99329226842109
1941,56.66936779346636
1942,84.5427601958425
1943,335.451612018751
1944,196.70193895933897
1945,65.20771700711488
1946,27.325329992420066
1947,112.53318421002446
1948,42.61094415884449
1949,53.85806111839206
1950,75.72024478483698
1951,104.786124923049
1952,22.27789078184714
1953,65.38104634983769
1954,178.21563676438424
1955,73.53600030082613
1956,55.99650268173832
1957,56.08688614185254
1958,141.25359696757388
1959,320.6712779376803
1960,34.13175930894589
1961,83.19573682891507
1962,242.7424886096914
1963,48.94639487062388
1964,66.81735976282847
1965,64.20060944917373
1966,85.45302910897175
1967,70.46037280905881
1968,59.333429884680385
1969,74.56069660743327
1970,36.05192130569703
1971,130.60526959712098
1972,54.29322154915666
1973,74.43569429721944
1974,49.937124771711055
1975,49.6164292439482
1976,217.9239948910941
1977,239.6613306304556
1978,44.703324951387835
1979,56.9699055028735
1980,51.57637594114353
1981,28.77909402671867
1982,129.12320447234683
1983,308.3272177895516
1984,68.61017696245327
1985,53.7756244388723
1986,42.35975831586505
1987,32.72132168762705
1988,193.34039190519286
1989,66.90820368018905
1990,45.15712893109259
1991,26.616311546397338
1992,42.32195566354089
1993,53.539342554827066
1994,269.04484593014126
1995,65.94170407018143
1996,96.50323319548971
1997,89.96961369367226
1998,47.50278169552927
1999,57.070673553204756
2000,101.20489242898186
2001,121.42276603351864
2002,58.389400331950085
2003,245.89002356248224
2004,63.96852074426895
2005,99.99996751252498
2006,61.49838948472294
2007,55.28487655529792
2008,64.92486339455137
2009,69.06351272534184
2010,17.00953171444867
2011,58.31502919715029
2012,81.0040737256116
2013,107.95420015155312
2014,64.10625363829921
2015,58.754970299103306
2016,57.41694020255495
2017,37.157673477003584
2018,61.4982665854887
2019,112.78044770649487
2020,57.3895017072177
2021,80.66828695470971
2022,82.20875734469922
2023,257.43787191065206
2024,387.302634208785
2025,83.57392546170219
2026,173.37054644880396
2027,91.28284253478947
2028,97.94944536986291
2029,647.9709860789393
2030,122.6707493058363
2031,142.79623859796294
2032,285.3446123333666
2033,45.32296031517474
2034,146.01757252282073
2035,92.22436278386773
2036,63.77512457734643
2037,66.81735976282847
2038,26.722507984846427
2039,63.39316670458945
2040,52.39892363662655
2041,105.98879128113846
2042,72.42664516036115
2043,35.836547018259814
2044,107.6592997117176
2045,123.89617587500797
2046,62.864924034183616
2047,87.72398323475811
2048,85.44323900898864
2049,71.868961048203
2050,106.34754950094451
2051,96.26386264494909
2052,246.7644277391152
2053,43.34292147768134
2054,38.87286387279449
2055,154.95447425567414
2056,201.9481888183457
2057,81.3808480809542
2058,72.75530683755518
2059,122.17061732527633
2060,96.5328935541441
2061,39.10153009476059
2062,98.15927808951268
2063,28.134467855702905
2064,78.02802631892835
2065,45.36297740403781
2066,86.8959925588595
2067,119.57695517417123
2068,383.1228930495976
2069,43.40560690270655
2070,183.34857783637779
2071,290.2285969380919
2072,239.05896271409696
2073,64.56985208558659
2074,44.89053125592721
2075,54.36895331945827
2076,32.85536557210496
2077,133.9481750404761
2078,49.87715408813186
2079,50.07974987882725
2080,84.34554706847472
2081,36.920054748404986
2082,97.8255538407212
2083,65.1378126526574
2084,59.803112786627366
2085,50.61494084002322
2086,1133.0843963966229
2087,146.70937733704847
2088,90.55920478501619
2089,66.90820368018905
2090,17.427312581848092
2091,47.45562444502685
2092,250.22616163688596
2093,44.83323442338739
2094,247.68537929038504
2095,46.61282480445236
2096,85.20562986327072
2097,152.77132383653154
2098,75.98341242392245
2099,58.979228148779356
2100,55.15674596025251
2101,616.5837791232544
2102,173.35989940061788
2103,105.62302587416481
2104,73.64907689128003
2105,73.34731500792432
2106,32.85536557210496
2107,83.83499862084501
2108,59.118592172834454
2109,269.77213595165097
2110,74.63961493329793
2111,58.539673697619506
2112,266.5711913797936
2113,92.0407553652715
2114,54.38308330622569
2115,49.95092850725694
2116,58.05863253285685
2117,107.21100606573755
2118,92.35412160773534
2119,58.52627452218331
2120,54.240265732538816
2121,17.427312581848092
2122,108.18066754223108
2123,47.70192035976079
2124,62.54252960628643
2125,85.75998918918428
2126,112.23803909546477
2127,240.6719428420717
2128,50.22343250316402
2129,32.69702284530596
2130,101.66338927889427
2131,73.38815347959422
2132,62.66088807796559
2133,195.9890266657827
2134,67.48329412519148
2135,63.6996437990636
2136,99.23801598641826
2137,57.0926831166847
2138,58.33747999233203
2139,151.7892682587705
2140,190.83418168683545
2141,59.97421315566978
2142,101.9039435203627
2143,155.86451809484845
2144,139.85755413447728
2145,105.0722866416205
2146,76.90953339147151
2147,100.41154849101217
2148,45.3022418560324
2149,86.85459117461838
2150,106.73459835408299
2151,112.07070227830336
2152,167.62785649864253
2153,54.940546406420246
2154,92.86753334443041
2155,56.22802023676134
2156,54.475039693305646
2157,190.68074633964173
2158,33.61358085545714
2159,46.16251808253658
2160,36.62437964898891
2161,49.53406725908077
2162,66.90820368018905
2163,51.183872255841045
2164,147.77704361254013
2165,225.05703873624213
2166,110.65781018329089
2167,69.07722936342553
2168,139.51039665226426
2169,57.308410206481625
2170,67.4844031003426
2171,61.39191295480976
2172,64.91417244737255
2173,123.03345725238255
2174,59.279399191375674
2175,42.53283837017076
2176,89.1467490065106
2177,234.34837207090607
2178,42.66323539522463
2179,97.91369549698247
2180,59.84599418950063
2181,42.05309851513452
2182,68.28038406433197
2183,117.13788582278036
2184,96.59166193482571
2185,55.602220065126716
2186,215.14900526575278
2187,116.08730755728757
2188,124.13421449764179
2189,69.34704291366266
2190,87.8512388373383
2191,130.47476904925747
2192,81.75445918374328
2193,22.03715684549149
2194,146.39427140558095
2195,60.92618856962548
2196,60.07519909078962
2197,78.08052996695633
2198,331.54502590098343
2199,111.83623030015815
2200,54.482161397562685
2201,58.26465018685591
2202,56.46843348792633
2203,58.82842053427696
2204,53.85509544142367
2205,113.89898151812514
2206,58.84845561186673
2207,76.02907997965653
2208,47.545443880113254
2209,50.70161836315379
2210,163.3054852474581
2211,646.7794221823063
2212,38.08485786283867
2213,72.76088333084982
2214,48.53612986134245
2215,147.77128671639056
2216,65.14391566153444
2217,64.85824193696872
2218,53.20802063669471
2219,94.310243965609
2220,87.11986422138499
2221,53.091178905659625
2222,181.8937302888502
2223,60.2578185995299
2224,39.21495023402507
2225,64.94687802160836
2226,47.27173031899308
2227,100.06110375675779
2228,215.24834475392265
2229,128.24166598813662
2230,273.8678381044386
2231,160.7572612204216
2232,57.581390321903605
2233,76.05582957174065
2234,85.52888152030404
2235,65.05037107800925
2236,222.07090746180282
2237,34.82052576377469
2238,45.870895805783185
2239,16.298851241073933
2240,833.4272023024279
2241,66.36254980271364
2242,99.07247617868907
2243,64.42817516261994
2244,37.56582689262274
2245,81.03445044169197
2246,66.60517932080072
2247,34.76762640069209
2248,101.97625725177733
2249,161.4857106715047
2250,82.51779314492869
2251,68.44720591297508
2252,86.66024810880958
2253,47.32669083136313
2254,34.19660585504954
2255,68.10893852328901
2256,30.447920542367417
2257,204.6376025741472
2258,119.2099275175715
2259,64.98817101164512
2260,58.868572885247694
2261,70.21290710319496
2262,146.17971781867183
2263,76.15451505452714
2264,57.06146737463154
2265,117.69619962684027
2266,42.46142330142347
2267,57.80506459372701
2268,58.27246630126998
2269,73.50745609745528
2270,96.64222647413045
2271,26.86699905624698
2272,105.98590007477922
2273,60.48050183696301
2274,64.53724887580864
2275,76.26118782220826
2276,55.887767335456026
2277,60.77719857090023
2278,312.4578239346726
2279,92.771450829636
2280,206.15419455455637
2281,57.583253017375284
2282,61.04746360887033
2283,43.46697364282889
2284,130.40968242319096
2285,119.22009080184307
2286,115.02040524095821
2287,32.52594284177131
2288,57.44618091025493
2289,60.0525704434575
2290,54.27893923929447
2291,90.29190702579864
2292,94.6936704957087
2293,114.22556812142675
2294,180.6002247995113
2295,117.06794763558543
2296,64.78589246214548
2297,61.08144828726334
2298,42.90081749245028
2299,99.72787537903515
2300,194.1115796712826
2301,200.05198509326382
2302,55.76187026564429
2303,155.4833261720785
2304,34.444265163999034
2305,180.63105081845424
2306,278.66927985446574
2307,159.334324640642
2308,100.82460800946687
2309,68.85724463325356
2310,52.72044293233791
2311,55.65020679390184
2312,76.52976685496633
2313,75.85990600733292
2314,67.98433764442339
2315,71.89114097445496
2316,79.97665193972799
2317,102.71821473869252
2318,36.24028641784743
2319,53.984526802866625
2320,47.25818168191868
2321,119.14724919286459
2322,48.989276085055316
2323,49.028716891009374
2324,64.47031231632434
2325,77.04360346365118
2326,51.9784214341054
2327,82.01944077705508
2328,304.2292377664
2329,71.74778524406521
2330,43.80285545107132
2331,442.5190646523014
2332,24.611806451855838
2333,81.3433313025628
2334,135.06112906393548
2335,56.04100506045593
2336,210.94509570584833
2337,291.34848257079636
2338,88.74736357708163
2339,92.46940951765885
2340,33.2438686795173
2341,58.90887784747237
2342,27.796580866471306
2343,68.25734567387765
2344,109.70320774541855
2345,50.47715782167866
2346,119.28701911871404
2347,49.159267254943614
2348,157.70489622503243
2349,235.50201790892845
2350,40.19356318452565
2351,246.00988962853833
2352,67.1675555265612
2353,67.1675555265612
2354,48.398827670374374
2355,54.927870309728455
2356,120.3966324879339
2357,213.38355910798876
2358,94.59477726959366
2359,72.41604131588349
2360,44.98707762742488
2361,132.4042796334064
2362,57.9210047262723
2363,304.32916372237673
2364,243.8538178431432
2365,59.11389722973589
2366,62.85242107433654
2367,160.8190805020552
2368,52.15540296915768
2369,112.39929856718491
2370,42.816148389778384
2371,276.56369635884306
2372,35.1345690524009
2373,334.72117189310535
2374,107.00112161858135
2375,52.8234667420195
2376,60.82834506753373
2377,96.7251180579419
2378,50.158671333195734
2379,122.66273196329313
2380,195.2316121980303
2381,55.024122468436346
2382,63.879843407238845
2383,99.84894017822266
2384,125.23568036547896
2385,60.071845645534545
2386,55.06682802949466
2387,118.91663997951655
2388,73.38585594383377
2389,147.42120297500628
2390,80.2240328625139
2391,93.89732947818767
2392,115.04543619077363
2393,56.68906039121715
2394,161.71038087560345
2395,77.54582833224998
2396,104.52011474010261
2397,60.686620826256515
2398,49.61083112247013
2399,40.731370564535084
2400,58.48707890516586
2401,224.52733112999337
2402,102.0835208566717
2403,77.0174269241514
2404,104.77442699382296
2405,179.64398013948335
2406,81.05511970341331
2407,73.80681021858283
2408,53.801042849464984
2409,90.17773852741418
2410,59.93645995213965
2411,675.0715226695456
2412,52.918870793809596
2413,56.61052768854
2414,52.99800489712813
2415,81.17310496486594
2416,58.130529449407696
2417,118.48390250576291
2418,53.73826462641825
2419,123.79202408918314
2420,40.30963504242771
2421,47.72047493817424
2422,66.77194565050304
2423,93.01278240368514
2424,117.94724846153565
2425,119.90301408724234
2426,47.65165092196512
2427,39.08147606143157
2428,55.32092719446662
2429,96.7251180579419
2430,621.7017034158649
2431,56.439294437292396
2432,54.73881392814646
2433,720.4426341591756
2434,66.4436262428311
2435,49.68665789675708
2436,327.5692845497521
2437,58.754970299103306
2438,69.63054256024836
2439,528.3907044043043
2440,50.420189299515364
2441,45.43105955612579
2442,69.42619221400695
2443,78.59411356446913
2444,56.16588544827383
2445,46.14628697164397
2446,117.97845048162172
2447,47.805161088199874
2448,977.0768123673917
2449,61.80330697687154
2450,52.5448438393927
2451,45.18338930529623
2452,64.4178922511909
2453,81.00685432022814
2454,211.16133901697614
2455,52.44237422684758
2456,112.53169469878915
2457,73.09918918561227
2458,50.32740259295947
2459,18.928485352197065
2460,68.60072921097577
2461,39.43600417058579
2462,59.840478125238434
2463,575.790192221202
2464,322.63354703467337
2465,75.76313462551491
2466,71.28827513097016
2467,53.88679843388957
2468,132.90491642391635
2469,90.98602861463033
2470,80.07302174695113
2471,75.79079151194165
2472,53.539342554827066
2473,134.19965844636144
2474,71.868961048203
2475,66.5301867686636
2476,356.2312162016118
2477,118.28951552539856
2478,177.63932233846194
2479,63.105232365701795
2480,47.75330775812582
2481,51.91646142742745
2482,34.81717153616597
2483,60.08798679510475
2484,79.59298545654528
2485,309.1168296926892
2486,80.12863999492696
2487,63.203368637218055
2488,95.52815999874043
2489,54.755979142111336
2490,280.02631057669424
2491,32.16114744725458
2492,56.02396407185698
2493,65.77680414907019
2494,106.48959110169027
2495,42.683789891039844
2496,61.79101697434552
2497,98.26440591038772
2498,55.11104639314201
2499,38.84667868833158
2500,87.6730255744967
2501,52.07631940349963
2502,44.5135666510056
2503,137.10000424612764
2504,53.63128118735202
2505,16.364618544021447
2506,39.98173565557482
2507,45.61551139258407
2508,60.551462153404735
2509,65.32660408363252
2510,31.520093348615525
2511,140.28887925884828
2512,109.00099376501818
2513,78.04649740505647
2514,108.59340618860507
2515,334.8508737635136
2516,97.42749477850167
2517,58.93165878004504
2518,57.74330701865609
2519,66.58727397672446
2520,38.537488821556444
2521,72.50979395614476
2522,56.88385236040646
2523,53.413236509226394
2524,412.7099622969455
2525,65.07973215300748
2526,107.58279317422075
2527,36.21663436518632
2528,46.547998650674536
2529,45.045324012506214
2530,87.17304461869267
2531,153.87929547004399
2532,78.76207942559776
2533,134.55500045517783
2534,152.7408510338491
2535,68.98915576492239
2536,83.66980534795735
2537,50.209273578639376
2538,59.90088741199322
2539,60.46563622106364
2540,63.749814326284266
2541,368.2245324251042
2542,211.08984711390187
2543,66.86218143075031
2544,960.5706127459647
2545,75.63868688577256
2546,55.37552306708785
2547,58.77307404480278
2548,40.39107302563852
2549,137.52789822166758
2550,50.27036187293545
2551,65.45990534894632
2552,327.5692845497521
2553,68.4844444720715
2554,102.10271777660937
2555,50.35789230808443
2556,35.15250338768627
2557,169.31532438005053
2558,65.41389115208946
2559,86.92162426585476
2560,33.612676027930064
2561,145.72866447169983
2562,65.13566924569132
2563,298.9940059158202
2564,11.712433651241952
2565,238.96701311660368
2566,64.99706567974242
2567,71.80032376365916
2568,16.213074965641457
2569,104.4779718445619
2570,293.1648550168109
2571,50.27036187293545
2572,77.66577950614315
2573,134.2785700725083
2574,64.18667726205256
2575,174.36445428012593
2576,94.0952137036403
2577,214.73901086061133
2578,70.21404392557312
2579,94.97913858612883
2580,47.89575676194452
2581,54.003301020632286
2582,61.88808974537184
2583,64.36639548375945
2584,38.38860772607751
2585,48.119364219465346
2586,68.25897040789529
2587,63.38434190046329
2588,34.362482128054594
2589,59.202637372140394
2590,218.9641595461417
2591,195.48778451954786
2592,55.4413839758376
2593,55.562186936371624
2594,84.02807051307045
2595,153.82225510660842
2596,94.34211332692941
2597,71.04991618282597
2598,51.86815090806171
2599,57.93961699604924
2600,45.64803107591316
2601,81.9438817604608
2602,39.637036372944664
2603,64.2536324596636
2604,107.29601320046282
2605,215.15042718792327
2606,60.066556824014334
2607,77.82744342797302
2608,47.83886467715897
2609,70.33258814579497
2610,75.4013742782232
2611,51.365524020526536
2612,249.46676813906222
2613,87.50980077719178
2614,130.59909215932316
2615,48.1105939300735
2616,57.00934495410822
2617,22.505244419065573
2618,55.887767335456026
2619,99.99403242627577
2620,54.654561978480466
2621,239.10552757721666
2622,56.21698754325487
2623,172.72908516957986
2624,71.1551484432693
2625,147.1135618406866
2626,104.06363843885639
2627,94.0105001974771
2628,61.76163155457901
2629,101.9188104019009
2630,100.13542162915435
2631,52.776416214508565
2632,55.555556729069096
2633,61.80330697687154
2634,226.68598134434097
2635,34.129128357133844
2636,58.46742233172964
2637,249.38343180694798
2638,266.7539760932148
2639,100.82460800946687
2640,89.11420805737266
2641,42.52914541532629
2642,55.76559360814162
2643,286.4094714561243
2644,248.83951218913626
2645,94.56745917791764
2646,95.48180553338207
2647,141.13810311799114
2648,50.95588065768583
2649,34.4934889825226
2650,233.61589905706808
2651,121.35949021127432
2652,78.78404233954258
2653,130.57913925031764
2654,52.24591791371833
2655,280.13884431902216
2656,61.618657927593375
2657,55.8880283794208
2658,111.79254022640905
2659,251.430958990016
2660,485.2397603313043
2661,46.54369203538543
2662,253.91730057678262
2663,20.907548660383018
