,price
0,270.0
1,246.0
2,901.0
3,230.0
4,510.0
5,400.0
6,901.0
7,88.5
8,180.0
9,400.0
10,300.0
11,901.0
12,230.0
13,88.5
14,300.0
15,390.0
16,300.0
17,230.0
18,115.0
19,210.0
20,130.0
21,150.0
22,148.0
23,300.0
24,314.0
25,390.0
26,130.0
27,230.0
28,232.0
29,113.0
30,390.0
31,300.0
32,230.0
33,50.58
34,450.0
35,390.0
36,138.0
37,235.0
38,230.0
39,250.0
40,180.0
41,390.0
42,510.0
43,901.0
44,230.0
45,135.0
46,160.0
47,80.0
48,80.0
49,390.0
50,75.0
51,93.0
52,125.5
53,85.0
54,120.0
55,540.0
56,300.0
57,390.0
58,901.0
59,390.0
60,265.0
61,79.5
62,390.0
63,300.0
64,600.0
65,75.0
66,148.0
67,235.0
68,300.0
69,400.0
70,901.0
71,160.0
72,235.0
73,95.0
74,901.0
75,390.0
76,901.0
77,300.0
78,140.0
79,160.0
80,300.0
81,390.0
82,325.0
83,148.0
84,260.0
85,300.0
86,183.0
87,390.0
88,91.75
89,150.0
90,325.0
91,210.0
92,325.0
93,232.0
94,191.5
95,235.0
96,142.0
97,230.0
98,400.0
99,75.0
100,232.0
101,314.0
102,450.0
103,390.0
104,400.0
105,190.0
106,901.0
107,420.0
108,250.0
109,232.0
110,160.0
111,140.0
112,901.0
113,314.0
114,390.0
115,210.0
116,138.0
117,390.0
118,390.0
119,125.0
120,325.0
121,901.0
122,901.0
123,150.0
124,80.0
125,230.0
126,390.0
127,390.0
128,230.0
129,325.0
130,420.0
131,160.0
132,510.0
133,185.0
134,300.0
135,232.0
136,901.0
137,230.0
138,235.0
139,325.0
140,200.0
141,87.54
142,210.0
143,408.0
144,901.0
145,185.0
146,510.0
147,150.0
148,230.0
149,235.0
150,341.0
151,210.0
152,160.0
153,510.0
154,420.0
155,260.0
156,901.0
157,901.0
158,235.0
159,400.0
160,325.0
161,150.0
162,150.0
163,135.0
164,210.0
165,135.0
166,232.0
167,160.0
168,150.0
169,95.0
170,235.0
171,210.0
172,260.0
173,390.0
174,183.0
175,390.0
176,54.21
177,232.0
178,235.0
179,300.0
180,230.0
181,325.0
182,75.0
183,390.0
184,901.0
185,235.0
186,249.0
187,325.0
188,230.0
189,160.0
190,420.0
191,901.0
192,125.5
193,210.0
194,230.0
195,160.0
196,700.0
197,510.0
198,135.0
199,160.0
200,135.0
201,183.0
202,300.0
203,901.0
204,314.0
205,314.0
206,230.0
207,314.0
208,235.0
209,150.0
210,230.0
211,183.0
212,130.0
213,148.0
214,135.0
215,390.0
216,230.0
217,160.0
218,80.0
219,901.0
220,230.0
221,235.0
222,230.0
223,250.0
224,230.0
225,390.0
226,235.0
227,901.0
228,230.0
229,400.0
230,150.0
231,400.0
232,325.0
233,260.0
234,160.0
235,130.0
236,59.0
237,160.0
238,901.0
239,75.0
240,300.0
241,390.0
242,230.0
243,210.0
244,901.0
245,210.0
246,230.0
247,148.0
248,265.0
249,260.0
250,901.0
251,230.0
252,390.0
253,230.0
254,400.0
255,325.0
256,400.0
257,390.0
258,901.0
259,183.0
260,901.0
261,901.0
262,300.0
263,125.0
264,130.0
265,390.0
266,210.0
267,80.0
268,901.0
269,148.0
270,390.0
271,325.0
272,901.0
273,380.0
274,314.0
275,300.0
276,80.0
277,400.0
278,150.0
279,390.0
280,160.0
281,390.0
282,235.0
283,300.0
284,390.0
285,90.5
286,330.0
287,300.0
288,320.0
289,277.75
290,210.0
291,2200.0
292,183.0
293,901.0
294,88.5
295,150.0
296,183.0
297,170.0
298,235.0
299,252.0
300,400.0
301,325.0
302,235.0
303,246.0
304,235.0
305,148.0
306,235.0
307,135.0
308,390.0
309,901.0
310,125.0
311,400.0
312,150.0
313,390.0
314,165.0
315,901.0
316,400.0
317,148.0
318,390.0
319,148.0
320,230.0
321,210.0
322,250.0
323,901.0
324,320.0
325,160.0
326,136.0
327,390.0
328,901.0
329,150.0
330,135.0
331,235.0
332,320.0
333,135.0
334,250.0
335,225.0
336,235.0
337,230.0
338,114.0
339,325.0
340,390.0
341,135.0
342,250.0
343,400.0
344,235.0
345,500.0
346,150.0
347,300.0
348,185.0
349,160.0
350,901.0
351,400.0
352,325.0
353,80.0
354,901.0
355,230.0
356,185.0
357,230.0
358,232.0
359,232.0
360,80.0
361,150.0
362,510.0
363,300.0
364,160.0
365,901.0
366,183.0
367,160.0
368,150.0
369,230.0
370,230.0
371,265.0
372,230.0
373,119.0
374,232.0
375,558.0
376,390.0
377,188.0
378,152.0
379,390.0
380,125.0
381,235.0
382,901.0
383,210.0
384,230.0
385,150.0
386,235.0
387,477.0
388,235.0
389,901.0
390,901.0
391,901.0
392,160.0
393,183.0
394,390.0
395,183.0
396,235.0
397,385.0
398,265.0
399,390.0
400,260.0
401,246.0
402,330.0
403,901.0
404,510.0
405,160.0
406,160.0
407,325.0
408,250.0
409,160.0
410,169.0
411,185.0
412,180.0
413,120.0
414,420.0
415,901.0
416,95.0
417,250.0
418,136.0
419,450.0
420,901.0
421,188.0
422,140.0
423,901.0
424,232.0
425,235.0
426,400.0
427,125.0
428,230.0
429,125.0
430,250.0
431,230.0
432,148.0
433,901.0
434,135.0
435,42.0
436,901.0
437,300.0
438,230.0
439,140.0
440,93.0
441,232.0
442,183.0
443,250.0
444,232.0
445,901.0
446,160.0
447,325.0
448,160.0
449,901.0
450,150.0
451,390.0
452,235.0
453,600.0
454,300.0
455,235.0
456,300.0
457,230.0
458,183.0
459,160.0
460,80.0
461,45.0
462,235.0
463,300.0
464,210.0
465,230.0
466,901.0
467,400.0
468,160.0
469,230.0
470,235.0
471,325.0
472,250.0
473,232.0
474,235.0
475,300.0
476,210.0
477,325.0
478,260.0
479,300.0
480,235.0
481,901.0
482,120.0
483,390.0
484,314.0
485,300.0
486,1000.0
487,183.0
488,901.0
489,390.0
490,138.0
491,232.0
492,230.0
493,901.0
494,390.0
495,230.0
496,300.0
497,188.0
498,230.0
499,230.0
500,170.0
501,235.0
502,246.0
503,191.5
504,249.0
505,300.0
506,210.0
507,160.0
508,230.0
509,28.0
510,510.0
511,183.0
512,148.0
513,125.5
514,230.0
515,510.0
516,180.0
517,90.71857142857142
518,300.0
519,160.0
520,400.0
521,125.5
522,235.0
523,160.0
524,230.0
525,246.0
526,130.0
527,125.5
528,135.0
529,150.0
530,80.0
531,135.0
532,901.0
533,325.0
534,477.0
535,80.0
536,235.0
537,250.0
538,390.0
539,200.0
540,390.0
541,75.0
542,390.0
543,901.0
544,901.0
545,181.0
546,54.0
547,403.0
548,125.0
549,112.0
550,510.0
551,230.0
552,300.0
553,901.0
554,90.0
555,300.0
556,235.0
557,230.0
558,390.0
559,188.0
560,185.0
561,901.0
562,235.0
563,901.0
564,510.0
565,901.0
566,235.0
567,88.5
568,300.0
569,230.0
570,390.0
571,120.0
572,150.0
573,901.0
574,160.0
575,390.0
576,400.0
577,150.0
578,80.0
579,230.0
580,230.0
581,150.0
582,901.0
583,230.0
584,300.0
585,300.0
586,160.0
587,901.0
588,90.0
589,80.0
590,400.0
591,901.0
592,150.0
593,160.0
594,510.0
595,390.0
596,300.0
597,188.0
598,210.0
599,170.0
600,246.0
601,85.0
602,390.0
603,125.0
604,300.0
605,185.0
606,235.0
607,250.0
608,335.0
609,300.0
610,210.0
611,235.0
612,558.0
613,901.0
614,901.0
615,95.0
616,230.0
617,160.0
618,230.0
619,901.0
620,150.0
621,183.0
622,325.0
623,300.0
624,160.0
625,210.0
626,901.0
627,235.0
628,901.0
629,188.0
630,150.0
631,210.0
632,113.0
633,265.0
634,390.0
635,230.0
636,400.0
637,183.0
638,403.0
639,320.0
640,901.0
641,400.0
642,235.0
643,183.0
644,325.0
645,510.0
646,230.0
647,390.0
648,148.0
649,400.0
650,320.0
651,325.0
652,125.5
653,400.0
654,232.0
655,300.0
656,162.0
657,188.0
658,390.0
659,150.0
660,160.0
661,230.0
662,75.0
663,901.0
664,93.0
665,235.0
666,235.0
667,400.0
668,477.0
669,210.0
670,320.0
671,400.0
672,390.0
673,901.0
674,325.0
675,188.0
676,185.0
677,325.0
678,901.0
679,235.0
680,235.0
681,250.0
682,218.0
683,230.0
684,250.0
685,300.0
686,183.0
687,400.0
688,230.0
689,230.0
690,901.0
691,148.0
692,390.0
693,314.0
694,416.0
695,300.0
696,390.0
697,235.0
698,325.0
699,477.0
700,306.0
701,325.0
702,390.0
703,150.0
704,235.0
705,510.0
706,235.0
707,390.0
708,325.0
709,390.0
710,232.0
711,230.0
712,180.0
713,314.0
714,277.75
715,510.0
716,325.0
717,230.0
718,400.0
719,325.0
720,210.0
721,390.0
722,477.0
723,180.0
724,390.0
725,510.0
726,200.0
727,135.0
728,390.0
729,188.0
730,320.0
731,230.0
732,901.0
733,390.0
734,223.0
735,230.0
736,400.0
737,300.0
738,160.0
739,901.0
740,390.0
741,112.0
742,400.0
743,246.0
744,150.0
745,390.0
746,400.0
747,210.0
748,300.0
749,230.0
750,130.0
751,901.0
752,232.0
753,390.0
754,901.0
755,390.0
756,390.0
757,160.0
758,540.0
759,232.0
760,230.0
761,400.0
762,306.0
763,901.0
764,510.0
765,325.0
766,901.0
767,312.0
768,200.0
769,53.5
770,390.0
771,183.0
772,183.0
773,235.0
774,160.0
775,230.0
776,901.0
777,901.0
778,230.0
779,390.0
780,901.0
781,188.0
782,140.0
783,235.0
784,510.0
785,232.0
786,230.0
787,510.0
788,235.0
789,400.0
790,901.0
791,150.0
792,300.0
793,230.0
794,230.0
795,148.0
796,390.0
797,235.0
798,390.0
799,325.0
800,390.0
801,230.0
802,230.0
803,325.0
804,300.0
805,320.0
806,260.0
807,510.0
808,148.0
809,235.0
810,510.0
811,901.0
812,235.0
813,150.0
814,2200.0
815,400.0
816,232.0
817,210.0
818,160.0
819,183.0
820,325.0
821,150.0
822,230.0
823,901.0
824,390.0
825,250.0
826,300.0
827,390.0
828,150.0
829,125.0
830,260.0
831,235.0
832,230.0
833,220.0
834,390.0
835,600.0
836,150.0
837,901.0
838,265.0
839,110.0
840,83.0
841,300.0
842,230.0
843,210.0
844,210.0
845,125.5
846,390.0
847,75.0
848,390.0
849,390.0
850,75.0
851,390.0
852,235.0
853,28.0
854,120.0
855,210.0
856,250.0
857,390.0
858,160.0
859,300.0
860,400.0
861,230.0
862,160.0
863,335.0
864,400.0
865,325.0
866,300.0
867,901.0
868,901.0
869,150.0
870,160.0
871,183.0
872,235.0
873,138.0
874,210.0
875,125.5
876,148.0
877,901.0
878,235.0
879,230.0
880,235.0
881,390.0
882,210.0
883,150.0
884,300.0
885,320.0
886,150.0
887,400.0
888,901.0
889,232.0
890,210.0
891,390.0
892,150.0
893,390.0
894,135.0
895,87.54
896,320.0
897,232.0
898,901.0
899,235.0
900,320.0
901,130.0
902,21.0
903,416.0
904,235.0
905,230.0
906,300.0
907,210.0
908,160.0
909,235.0
910,181.0
911,135.0
912,250.0
913,150.0
914,150.0
915,225.0
916,510.0
917,188.0
918,901.0
919,135.0
920,390.0
921,232.0
922,300.0
923,235.0
924,325.0
925,183.0
926,230.0
927,558.0
928,400.0
929,314.0
930,330.0
931,148.0
932,306.0
933,136.0
934,88.5
935,390.0
936,901.0
937,325.0
938,150.0
939,901.0
940,416.0
941,230.0
942,390.0
943,188.0
944,190.0
945,230.0
946,230.0
947,390.0
948,901.0
949,901.0
950,510.0
951,232.0
952,901.0
953,314.0
954,135.0
955,183.0
956,510.0
957,300.0
958,265.0
959,93.0
960,160.0
961,120.0
962,135.0
963,901.0
964,600.0
965,150.0
966,277.75
967,390.0
968,125.0
969,230.0
970,183.0
971,230.0
972,235.0
973,125.5
974,160.0
975,175.0
976,160.0
977,235.0
978,235.0
979,160.0
980,901.0
981,312.0
982,510.0
983,306.0
984,235.0
985,390.0
986,235.0
987,325.0
988,390.0
989,300.0
990,390.0
991,901.0
992,400.0
993,230.0
994,160.0
995,232.0
996,129.0
997,232.0
998,80.0
999,390.0
1000,232.0
1001,230.0
1002,235.0
1003,160.0
1004,130.0
1005,160.0
1006,375.0
1007,325.0
1008,325.0
1009,260.0
1010,300.0
1011,420.0
1012,325.0
1013,160.0
1014,901.0
1015,125.5
1016,246.0
1017,120.0
1018,400.0
1019,150.0
1020,165.0
1021,325.0
1022,901.0
1023,230.0
1024,200.0
1025,235.0
1026,230.0
1027,150.0
1028,85.0
1029,80.0
1030,300.0
1031,235.0
1032,901.0
1033,230.0
1034,183.0
1035,325.0
1036,400.0
1037,150.0
1038,235.0
1039,250.0
1040,160.0
1041,100.0
1042,235.0
1043,125.5
1044,325.0
1045,390.0
1046,306.0
1047,901.0
1048,235.0
1049,235.0
1050,170.0
1051,113.0
1052,420.0
1053,88.5
1054,901.0
1055,250.0
1056,235.0
1057,235.0
1058,115.0
1059,300.0
1060,901.0
1061,142.0
1062,191.5
1063,314.0
1064,901.0
1065,235.0
1066,312.0
1067,300.0
1068,160.0
1069,325.0
1070,125.5
1071,300.0
1072,390.0
1073,235.0
1074,170.0
1075,277.75
1076,598.0
1077,232.0
1078,300.0
1079,901.0
1080,450.0
1081,270.0
1082,232.0
1083,2200.0
1084,314.0
1085,250.0
1086,265.0
1087,325.0
1088,400.0
1089,130.0
1090,325.0
1091,320.0
1092,390.0
1093,235.0
1094,510.0
1095,260.0
1096,113.0
1097,235.0
1098,230.0
1099,230.0
1100,901.0
1101,901.0
1102,250.0
1103,160.0
1104,205.0
1105,153.0
1106,160.0
1107,232.0
1108,400.0
1109,150.0
1110,901.0
1111,325.0
1112,390.0
1113,901.0
1114,390.0
1115,230.0
1116,901.0
1117,95.0
1118,510.0
1119,75.0
1120,230.0
1121,80.0
1122,390.0
1123,183.0
1124,230.0
1125,210.0
1126,901.0
1127,901.0
1128,150.0
1129,901.0
1130,300.0
1131,185.0
1132,188.0
1133,235.0
1134,180.0
1135,150.0
1136,390.0
1137,148.0
1138,230.0
1139,150.0
1140,901.0
1141,235.0
1142,230.0
1143,312.0
1144,325.0
1145,183.0
1146,125.5
1147,235.0
1148,230.0
1149,300.0
1150,235.0
1151,230.0
1152,150.0
1153,400.0
1154,183.0
1155,235.0
1156,510.0
1157,400.0
1158,190.0
1159,210.0
1160,390.0
1161,235.0
1162,901.0
1163,901.0
1164,150.0
1165,160.0
1166,300.0
1167,235.0
1168,210.0
1169,260.0
1170,598.0
1171,160.0
1172,901.0
1173,420.0
1174,148.0
1175,400.0
1176,160.0
1177,150.0
1178,390.0
1179,80.0
1180,80.0
1181,210.0
1182,510.0
1183,390.0
1184,314.0
1185,230.0
1186,390.0
1187,148.0
1188,901.0
1189,300.0
1190,230.0
1191,140.0
1192,230.0
1193,125.5
1194,183.0
1195,199.0
1196,160.0
1197,325.0
1198,95.0
1199,135.0
1200,93.0
1201,300.0
1202,390.0
1203,80.0
1204,901.0
1205,69.44
1206,160.0
1207,235.0
1208,314.0
1209,180.0
1210,113.0
1211,510.0
1212,230.0
1213,300.0
1214,901.0
1215,901.0
1216,390.0
1217,50.58
1218,230.0
1219,290.0
1220,169.0
1221,390.0
1222,400.0
1223,314.0
1224,135.0
1225,250.0
1226,150.0
1227,901.0
1228,300.0
1229,510.0
1230,400.0
1231,901.0
1232,405.0
1233,170.0
1234,230.0
1235,901.0
1236,901.0
1237,162.0
1238,300.0
1239,300.0
1240,246.0
1241,75.0
1242,230.0
1243,135.0
1244,150.0
1245,477.0
1246,300.0
1247,306.0
1248,250.0
1249,160.0
1250,390.0
1251,390.0
1252,232.0
1253,135.0
1254,901.0
1255,160.0
1256,390.0
1257,235.0
1258,169.0
1259,510.0
1260,148.0
1261,180.0
1262,390.0
1263,600.0
1264,901.0
1265,232.0
1266,183.0
1267,390.0
1268,390.0
1269,480.0
1270,450.0
1271,135.0
1272,230.0
1273,95.0
1274,235.0
1275,150.0
1276,36.0
1277,183.0
1278,120.0
1279,317.0
1280,300.0
1281,150.0
1282,210.0
1283,170.0
1284,510.0
1285,195.5
1286,234.0
1287,390.0
1288,148.0
1289,57.525
1290,300.0
1291,230.0
1292,901.0
1293,230.0
1294,93.0
1295,510.0
1296,325.0
1297,183.0
1298,700.0
1299,901.0
1300,901.0
1301,230.0
1302,54.0
1303,210.0
1304,510.0
1305,120.0
1306,138.0
1307,188.0
1308,510.0
1309,300.0
1310,390.0
1311,230.0
1312,160.0
1313,75.0
1314,390.0
1315,150.0
1316,125.5
1317,230.0
1318,235.0
1319,901.0
1320,183.0
1321,230.0
1322,390.0
1323,220.0
1324,125.5
1325,477.0
1326,160.0
1327,190.0
1328,901.0
1329,183.0
1330,300.0
1331,540.0
1332,232.0
1333,901.0
1334,300.0
1335,300.0
1336,230.0
1337,312.0
1338,235.0
1339,148.0
1340,183.0
1341,325.0
1342,210.0
1343,125.5
1344,160.0
1345,180.0
1346,249.0
1347,325.0
1348,314.0
1349,249.0
1350,400.0
1351,160.0
1352,390.0
1353,230.0
1354,510.0
1355,115.0
1356,901.0
1357,150.0
1358,183.0
1359,180.0
1360,260.0
1361,200.0
1362,230.0
1363,235.0
1364,400.0
1365,510.0
1366,901.0
1367,901.0
1368,160.0
1369,249.0
1370,290.0
1371,235.0
1372,235.0
1373,901.0
1374,300.0
1375,80.0
1376,235.0
1377,230.0
1378,230.0
1379,390.0
1380,185.0
1381,45.9
1382,901.0
1383,901.0
1384,160.0
1385,188.0
1386,249.0
1387,160.0
1388,113.0
1389,150.0
1390,235.0
1391,325.0
1392,160.0
1393,400.0
1394,420.0
1395,160.0
1396,230.0
1397,901.0
1398,150.0
1399,320.0
1400,160.0
1401,335.0
1402,390.0
1403,390.0
1404,420.0
1405,125.5
1406,160.0
1407,210.0
1408,325.0
1409,325.0
1410,390.0
1411,25.0
1412,390.0
1413,150.0
1414,510.0
1415,154.0
1416,901.0
1417,2200.0
1418,901.0
1419,97.65
1420,180.0
1421,390.0
1422,510.0
1423,901.0
1424,325.0
1425,57.9
1426,183.0
1427,235.0
1428,260.0
1429,390.0
1430,150.0
1431,1250.0
1432,901.0
1433,400.0
1434,90.5
1435,210.0
1436,390.0
1437,235.0
1438,125.5
1439,335.0
1440,150.0
1441,901.0
1442,188.0
1443,150.0
1444,390.0
1445,120.0
1446,232.0
1447,901.0
1448,390.0
1449,390.0
1450,148.0
1451,160.0
1452,120.0
1453,95.0
1454,150.0
1455,510.0
1456,901.0
1457,125.5
1458,390.0
1459,901.0
1460,148.0
1461,901.0
1462,320.0
1463,150.0
1464,325.0
1465,150.0
1466,312.0
1467,235.0
1468,230.0
1469,112.0
1470,235.0
1471,390.0
1472,235.0
1473,230.0
1474,125.5
1475,400.0
1476,901.0
1477,390.0
1478,901.0
1479,390.0
1480,250.0
1481,150.0
1482,901.0
1483,210.0
1484,250.0
1485,150.0
1486,225.0
1487,148.0
1488,230.0
1489,148.0
1490,135.0
1491,160.0
1492,150.0
1493,235.0
1494,390.0
1495,400.0
1496,314.0
1497,235.0
1498,160.0
1499,250.0
1500,314.0
1501,510.0
1502,235.0
1503,901.0
1504,160.0
1505,180.0
1506,169.0
1507,120.0
1508,2200.0
1509,325.0
1510,250.0
1511,300.0
1512,150.0
1513,230.0
1514,390.0
1515,230.0
1516,75.0
1517,235.0
1518,230.0
1519,600.0
1520,183.0
1521,400.0
1522,160.0
1523,300.0
1524,2200.0
1525,300.0
1526,901.0
1527,130.0
1528,901.0
1529,325.0
1530,325.0
1531,200.0
1532,325.0
1533,88.5
1534,180.0
1535,235.0
1536,390.0
1537,150.0
1538,320.0
1539,160.0
1540,85.0
1541,183.0
1542,160.0
1543,901.0
1544,188.0
1545,230.0
1546,901.0
1547,325.0
1548,300.0
1549,160.0
1550,150.0
1551,250.0
1552,235.0
1553,477.0
1554,390.0
1555,235.0
1556,901.0
1557,390.0
1558,150.0
1559,408.0
1560,325.0
1561,188.0
1562,150.0
1563,235.0
1564,260.0
1565,235.0
1566,901.0
1567,249.0
1568,230.0
1569,300.0
1570,230.0
1571,210.0
1572,125.5
1573,300.0
1574,232.0
1575,230.0
1576,510.0
1577,220.0
1578,150.0
1579,400.0
1580,300.0
1581,80.0
1582,235.0
1583,230.0
1584,235.0
1585,235.0
1586,235.0
1587,230.0
1588,210.0
1589,230.0
1590,325.0
1591,260.0
1592,200.0
1593,901.0
1594,901.0
1595,125.5
1596,75.0
1597,242.0
1598,235.0
1599,235.0
1600,183.0
1601,230.0
1602,95.0
1603,150.0
1604,400.0
1605,325.0
1606,135.0
1607,160.0
1608,230.0
1609,160.0
1610,235.0
1611,901.0
1612,390.0
1613,400.0
1614,235.0
1615,150.0
1616,235.0
1617,230.0
1618,148.0
1619,249.0
1620,230.0
1621,250.0
1622,188.0
1623,210.0
1624,390.0
1625,175.0
1626,901.0
1627,300.0
1628,235.0
1629,390.0
1630,230.0
1631,125.5
1632,130.0
1633,250.0
1634,188.0
1635,183.0
1636,390.0
1637,150.0
1638,230.0
1639,901.0
1640,120.0
1641,191.5
1642,135.0
1643,183.0
1644,200.0
1645,183.0
1646,320.0
1647,235.0
1648,400.0
1649,277.75
1650,190.0
1651,400.0
1652,160.0
1653,148.0
1654,88.5
1655,140.0
1656,125.5
1657,390.0
1658,510.0
1659,400.0
1660,325.0
1661,150.0
1662,200.0
1663,230.0
1664,148.0
1665,300.0
1666,230.0
1667,320.0
1668,80.0
1669,230.0
1670,300.0
1671,170.0
1672,160.0
1673,235.0
1674,160.0
1675,901.0
1676,390.0
1677,306.0
1678,88.5
1679,901.0
1680,390.0
1681,306.0
1682,150.0
1683,210.0
1684,312.0
1685,390.0
1686,135.0
1687,160.0
1688,150.0
1689,112.0
1690,901.0
1691,390.0
1692,901.0
1693,901.0
1694,230.0
1695,510.0
1696,390.0
1697,93.0
1698,390.0
1699,390.0
1700,160.0
1701,170.0
1702,183.0
1703,75.0
1704,420.0
1705,230.0
1706,112.0
1707,420.0
1708,130.0
1709,306.0
1710,93.0
1711,260.0
1712,95.0
1713,250.0
1714,162.0
1715,314.0
1716,250.0
1717,600.0
1718,183.0
1719,260.0
1720,150.0
1721,165.0
1722,160.0
1723,135.0
1724,390.0
1725,188.0
1726,83.0
1727,188.0
1728,113.0
1729,400.0
1730,160.0
1731,185.0
1732,232.0
1733,180.0
1734,390.0
1735,390.0
1736,314.0
1737,400.0
1738,170.0
1739,901.0
1740,150.0
1741,183.0
1742,306.0
1743,210.0
1744,265.0
1745,210.0
1746,170.0
1747,901.0
1748,135.0
1749,390.0
1750,135.0
1751,112.0
1752,390.0
1753,320.0
1754,125.5
1755,250.0
1756,200.0
1757,477.0
1758,150.0
1759,150.0
1760,325.0
1761,150.0
1762,400.0
1763,300.0
1764,235.0
1765,210.0
1766,390.0
1767,235.0
1768,260.0
1769,390.0
1770,300.0
1771,188.0
1772,901.0
1773,230.0
1774,250.0
1775,150.0
1776,116.0
1777,54.0
1778,300.0
1779,210.0
1780,79.5
1781,901.0
1782,390.0
1783,300.0
1784,901.0
1785,80.0
1786,175.0
1787,232.0
1788,325.0
1789,901.0
1790,234.0
1791,160.0
1792,120.0
1793,400.0
1794,901.0
1795,300.0
1796,901.0
1797,335.0
1798,235.0
1799,901.0
1800,901.0
1801,95.0
1802,314.0
1803,150.0
1804,230.0
1805,160.0
1806,230.0
1807,120.0
1808,55.0
1809,95.0
1810,210.0
1811,390.0
1812,230.0
1813,901.0
1814,232.0
1815,54.21
1816,160.0
1817,325.0
1818,901.0
1819,160.0
1820,400.0
1821,170.0
1822,150.0
1823,901.0
1824,390.0
1825,300.0
1826,120.0
1827,400.0
1828,260.0
1829,390.0
1830,200.0
1831,250.0
1832,325.0
1833,170.0
1834,220.0
1835,901.0
1836,210.0
1837,390.0
1838,230.0
1839,300.0
1840,901.0
1841,160.0
1842,300.0
1843,183.0
1844,120.0
1845,125.5
1846,901.0
1847,901.0
1848,160.0
1849,135.0
1850,80.0
1851,420.0
1852,250.0
1853,901.0
1854,312.0
1855,140.0
1856,600.0
1857,901.0
1858,220.0
1859,390.0
1860,300.0
1861,314.0
1862,277.75
1863,598.0
1864,375.0
1865,300.0
1866,901.0
1867,145.0
1868,901.0
1869,235.0
1870,150.0
1871,400.0
1872,250.0
1873,210.0
1874,325.0
1875,183.0
1876,150.0
1877,148.0
1878,260.0
1879,235.0
1880,188.0
1881,113.0
1882,246.0
1883,232.0
1884,901.0
1885,320.0
1886,300.0
1887,148.0
1888,232.0
1889,230.0
1890,300.0
1891,249.0
1892,901.0
1893,260.0
1894,200.0
1895,390.0
1896,230.0
1897,300.0
1898,901.0
1899,400.0
1900,135.0
1901,390.0
1902,250.0
1903,901.0
1904,235.0
1905,235.0
1906,160.0
1907,183.0
1908,390.0
1909,83.0
1910,230.0
1911,390.0
1912,230.0
1913,250.0
1914,93.0
1915,390.0
1916,390.0
1917,230.0
1918,390.0
1919,210.0
1920,230.0
1921,125.5
1922,160.0
1923,36.0
1924,246.0
1925,210.0
1926,901.0
1927,230.0
1928,235.0
1929,300.0
1930,390.0
1931,54.21
1932,150.0
1933,199.0
1934,170.0
1935,75.0
1936,235.0
1937,510.0
1938,420.0
1939,235.0
1940,230.0
1941,183.0
1942,160.0
1943,232.0
1944,390.0
1945,125.5
1946,97.65
1947,390.0
1948,130.0
1949,210.0
1950,210.0
1951,901.0
1952,105.0
1953,300.0
1954,235.0
1955,390.0
1956,210.0
1957,150.0
1958,477.0
1959,232.0
1960,45.9
1961,320.0
1962,400.0
1963,150.0
1964,160.0
1965,325.0
1966,235.0
1967,183.0
1968,188.0
1969,80.0
1970,230.0
1971,901.0
1972,210.0
1973,235.0
1974,148.0
1975,160.0
1976,510.0
1977,325.0
1978,220.0
1979,160.0
1980,160.0
1981,97.0
1982,306.0
1983,400.0
1984,260.0
1985,235.0
1986,130.0
1987,130.0
1988,400.0
1989,510.0
1990,125.5
1991,45.9
1992,130.0
1993,150.0
1994,390.0
1995,150.0
1996,390.0
1997,314.0
1998,210.0
1999,150.0
2000,250.0
2001,306.0
2002,240.0
2003,450.0
2004,125.5
2005,170.0
2006,140.0
2007,148.0
2008,183.0
2009,300.0
2010,83.0
2011,235.0
2012,300.0
2013,390.0
2014,183.0
2015,160.0
2016,230.0
2017,146.0
2018,135.0
2019,901.0
2020,325.0
2021,314.0
2022,901.0
2023,477.0
2024,390.0
2025,235.0
2026,390.0
2027,901.0
2028,390.0
2029,390.0
2030,235.0
2031,901.0
2032,232.0
2033,125.5
2034,235.0
2035,325.0
2036,510.0
2037,160.0
2038,80.0
2039,325.0
2040,235.0
2041,901.0
2042,235.0
2043,120.0
2044,477.0
2045,901.0
2046,183.0
2047,510.0
2048,300.0
2049,300.0
2050,390.0
2051,300.0
2052,232.0
2053,183.0
2054,185.0
2055,390.0
2056,400.0
2057,183.0
2058,260.0
2059,403.0
2060,901.0
2061,180.0
2062,235.0
2063,230.0
2064,335.0
2065,80.0
2066,901.0
2067,901.0
2068,500.0
2069,325.0
2070,400.0
2071,232.0
2072,901.0
2073,135.0
2074,148.0
2075,120.0
2076,148.0
2077,901.0
2078,325.0
2079,230.0
2080,390.0
2081,135.0
2082,150.0
2083,170.0
2084,277.75
2085,235.0
2086,232.0
2087,901.0
2088,235.0
2089,510.0
2090,130.0
2091,88.5
2092,400.0
2093,230.0
2094,232.0
2095,170.0
2096,420.0
2097,86.0
2098,235.0
2099,150.0
2100,230.0
2101,390.0
2102,400.0
2103,199.0
2104,150.0
2105,150.0
2106,148.0
2107,901.0
2108,160.0
2109,390.0
2110,235.0
2111,150.0
2112,390.0
2113,160.0
2114,230.0
2115,125.5
2116,150.0
2117,390.0
2118,235.0
2119,188.0
2120,235.0
2121,130.0
2122,235.0
2123,314.0
2124,230.0
2125,210.0
2126,901.0
2127,416.0
2128,230.0
2129,160.0
2130,85.0
2131,314.0
2132,235.0
2133,420.0
2134,510.0
2135,130.0
2136,235.0
2137,335.0
2138,235.0
2139,300.0
2140,290.0
2141,300.0
2142,901.0
2143,901.0
2144,901.0
2145,901.0
2146,901.0
2147,235.0
2148,325.0
2149,901.0
2150,901.0
2151,246.0
2152,390.0
2153,148.0
2154,320.0
2155,210.0
2156,230.0
2157,60.0
2158,210.0
2159,230.0
2160,183.0
2161,160.0
2162,510.0
2163,230.0
2164,300.0
2165,901.0
2166,901.0
2167,150.0
2168,415.0
2169,183.0
2170,600.0
2171,210.0
2172,183.0
2173,390.0
2174,135.0
2175,230.0
2176,188.0
2177,390.0
2178,148.0
2179,235.0
2180,235.0
2181,230.0
2182,150.0
2183,390.0
2184,235.0
2185,290.0
2186,400.0
2187,901.0
2188,390.0
2189,191.5
2190,235.0
2191,600.0
2192,901.0
2193,75.0
2194,390.0
2195,325.0
2196,235.0
2197,160.0
2198,125.5
2199,901.0
2200,325.0
2201,160.0
2202,160.0
2203,260.0
2204,140.0
2205,390.0
2206,230.0
2207,300.0
2208,250.0
2209,230.0
2210,306.0
2211,400.0
2212,148.0
2213,230.0
2214,148.0
2215,88.0
2216,230.0
2217,85.0
2218,235.0
2219,901.0
2220,600.0
2221,160.0
2222,901.0
2223,183.0
2224,230.0
2225,150.0
2226,325.0
2227,425.0
2228,300.0
2229,390.0
2230,390.0
2231,93.0
2232,335.0
2233,80.0
2234,230.0
2235,160.0
2236,420.0
2237,75.0
2238,112.0
2239,61.3
2240,232.0
2241,235.0
2242,901.0
2243,300.0
2244,180.0
2245,138.0
2246,160.0
2247,230.0
2248,235.0
2249,480.0
2250,246.0
2251,235.0
2252,100.0
2253,125.0
2254,210.0
2255,314.0
2256,95.0
2257,400.0
2258,390.0
2259,160.0
2260,150.0
2261,183.0
2262,901.0
2263,235.0
2264,335.0
2265,901.0
2266,230.0
2267,250.0
2268,325.0
2269,300.0
2270,901.0
2271,136.0
2272,306.0
2273,188.0
2274,150.0
2275,250.0
2276,135.0
2277,188.0
2278,390.0
2279,160.0
2280,188.0
2281,160.0
2282,150.0
2283,210.0
2284,60.0
2285,250.0
2286,76.0
2287,160.0
2288,188.0
2289,230.0
2290,250.0
2291,901.0
2292,901.0
2293,901.0
2294,135.0
2295,901.0
2296,170.0
2297,188.0
2298,85.0
2299,235.0
2300,95.0
2301,150.0
2302,320.0
2303,390.0
2304,230.0
2305,901.0
2306,375.0
2307,510.0
2308,901.0
2309,325.0
2310,300.0
2311,120.0
2312,183.0
2313,300.0
2314,250.0
2315,314.0
2316,249.0
2317,80.0
2318,230.0
2319,230.0
2320,325.0
2321,477.0
2322,246.0
2323,150.0
2324,160.0
2325,265.0
2326,230.0
2327,312.0
2328,390.0
2329,300.0
2330,113.0
2331,232.0
2332,79.5
2333,210.0
2334,390.0
2335,250.0
2336,300.0
2337,210.0
2338,235.0
2339,901.0
2340,125.5
2341,160.0
2342,110.0
2343,901.0
2344,510.0
2345,230.0
2346,277.75
2347,230.0
2348,246.0
2349,390.0
2350,210.0
2351,901.0
2352,300.0
2353,300.0
2354,150.0
2355,230.0
2356,901.0
2357,300.0
2358,183.0
2359,210.0
2360,235.0
2361,901.0
2362,235.0
2363,400.0
2364,400.0
2365,230.0
2366,230.0
2367,120.0
2368,235.0
2369,300.0
2370,230.0
2371,232.0
2372,230.0
2373,390.0
2374,901.0
2375,325.0
2376,160.0
2377,312.0
2378,210.0
2379,400.0
2380,150.0
2381,901.0
2382,312.0
2383,140.0
2384,300.0
2385,188.0
2386,325.0
2387,306.0
2388,235.0
2389,79.5
2390,235.0
2391,183.0
2392,390.0
2393,150.0
2394,390.0
2395,901.0
2396,79.5
2397,210.0
2398,150.0
2399,160.0
2400,210.0
2401,300.0
2402,901.0
2403,160.0
2404,901.0
2405,300.0
2406,901.0
2407,95.0
2408,230.0
2409,235.0
2410,260.0
2411,800.0
2412,160.0
2413,185.0
2414,230.0
2415,314.0
2416,188.0
2417,60.0
2418,300.0
2419,400.0
2420,120.0
2421,113.0
2422,183.0
2423,300.0
2424,249.0
2425,901.0
2426,125.0
2427,210.0
2428,113.0
2429,312.0
2430,232.0
2431,235.0
2432,120.0
2433,2200.0
2434,235.0
2435,230.0
2436,232.0
2437,160.0
2438,230.0
2439,232.0
2440,150.0
2441,250.0
2442,230.0
2443,80.0
2444,210.0
2445,220.0
2446,901.0
2447,150.0
2448,390.0
2449,246.0
2450,160.0
2451,160.0
2452,142.0
2453,312.0
2454,390.0
2455,183.0
2456,53.0
2457,235.0
2458,325.0
2459,120.0
2460,230.0
2461,150.0
2462,230.0
2463,232.0
2464,901.0
2465,320.0
2466,390.0
2467,150.0
2468,901.0
2469,901.0
2470,510.0
2471,901.0
2472,150.0
2473,390.0
2474,300.0
2475,249.0
2476,275.0
2477,901.0
2478,390.0
2479,314.0
2480,250.0
2481,150.0
2482,75.0
2483,150.0
2484,250.0
2485,1000.0
2486,598.0
2487,210.0
2488,901.0
2489,150.0
2490,314.5
2491,125.5
2492,300.0
2493,235.0
2494,901.0
2495,325.0
2496,314.0
2497,901.0
2498,185.0
2499,235.0
2500,901.0
2501,125.5
2502,50.58
2503,390.0
2504,250.0
2505,140.0
2506,230.0
2507,120.0
2508,160.0
2509,901.0
2510,230.0
2511,306.0
2512,300.0
2513,306.0
2514,901.0
2515,390.0
2516,300.0
2517,260.0
2518,230.0
2519,200.0
2520,230.0
2521,160.0
2522,130.0
2523,200.0
2524,400.0
2525,150.0
2526,320.0
2527,220.0
2528,325.0
2529,160.0
2530,300.0
2531,450.0
2532,901.0
2533,390.0
2534,160.0
2535,265.0
2536,250.0
2537,249.0
2538,260.0
2539,135.0
2540,260.0
2541,232.0
2542,416.0
2543,901.0
2544,232.0
2545,325.0
2546,200.0
2547,325.0
2548,180.0
2549,390.0
2550,150.0
2551,252.0
2552,232.0
2553,300.0
2554,901.0
2555,75.0
2556,80.0
2557,420.0
2558,210.0
2559,300.0
2560,38.535
2561,510.0
2562,150.0
2563,360.0
2564,83.0
2565,416.0
2566,160.0
2567,160.0
2568,50.58
2569,235.0
2570,1000.0
2571,150.0
2572,246.0
2573,390.0
2574,235.0
2575,390.0
2576,901.0
2577,306.0
2578,235.0
2579,901.0
2580,135.0
2581,250.0
2582,183.0
2583,160.0
2584,125.5
2585,901.0
2586,300.0
2587,901.0
2588,230.0
2589,901.0
2590,390.0
2591,420.0
2592,160.0
2593,510.0
2594,250.0
2595,901.0
2596,901.0
2597,191.5
2598,183.0
2599,235.0
2600,325.0
2601,312.0
2602,230.0
2603,300.0
2604,370.0
2605,390.0
2606,210.0
2607,183.0
2608,125.5
2609,235.0
2610,901.0
2611,235.0
2612,390.0
2613,390.0
2614,330.0
2615,325.0
2616,235.0
2617,60.42
2618,135.0
2619,235.0
2620,237.0
2621,325.0
2622,210.0
2623,420.0
2624,183.0
2625,420.0
2626,901.0
2627,390.0
2628,230.0
2629,314.0
2630,300.0
2631,150.0
2632,249.0
2633,246.0
2634,232.0
2635,180.0
2636,300.0
2637,390.0
2638,400.0
2639,901.0
2640,330.0
2641,148.0
2642,125.0
2643,390.0
2644,325.0
2645,320.0
2646,325.0
2647,125.0
2648,150.0
2649,80.0
2650,420.0
2651,901.0
2652,235.0
2653,901.0
2654,325.0
2655,325.0
2656,235.0
2657,120.0
2658,901.0
2659,390.0
2660,400.0
2661,210.0
2662,232.0
2663,97.0
